key,source,target
/3F311538455E862A56A29B9BF4659409,Actuators,アクチュエーター
/171FA1BF4DFFA500C5EE0B89B41F7CD4,"Add to Selection",選択に追加
/2923834D4E2D5509AF8C3D88F92B2E66,"Admin access granted",管理者アクセスが許可されました
/06CEDF124D1BC4BE740514BC4DB84AF9,Aim,標的
/65E849204944026ED51BD2B2B2DAFAE0,"Aim your handheld gun",手持ち銃を向けてください
/61ADF5954B3CB9F55B418C81D2214971,Alt,オルタナティブ
/26E9A72B45048130E6356E9B01D3EA3E,Boost,ブースト
/3B20EC7F4AD5B826381F2DBBD4C5FA75,Aluminium,アルミニウム
/804F20774F4CB610364BDA9B2BDA99FB,"Ammo Box (Heavy)",弾薬箱(重)
/ACD3241944E4BEA51AE0B2B51982629C,"Ammo Box (Missile)",弾薬箱(ミサイル)
/287A10A2425E5E0E22D6AAA42816F472,"Auto Counter Steering",オートカウンターステアリング
/0288A00548B06F6B7F67FB9614A75E34,"Auto saved",自動保存
/562C11D64CBDBD3F9A64AD9C126FBD30,Auxiliary,補助
/AD825B4E46F16BE30AFCF4B2245F07D8,Aviation,航空
/1845DF2C4A124F808639B5BFBE498B16,BR-15,BR-15
/F07A2BBF4748D6ECF8F24B8E24E99E08,BRAF,BRAF
/94A8513C4671F674F85B89B65FEADB63,"Ban Player by ID","ID によるプレーヤーのBAN"
/4E5B1DB14048B21DE0F61C84BE95F829,Barrel,バレル
/B4D887D54417507E711C5795C0B16484,Battle,バトル
/5F56E7874AB8DBFFEDF365855EEDAAA8,Beacon,ビーコン
/53D478E34D75102C754745882471F187,"Bind {0}",{0}をバインド
/887341F64AC4B70BB0DF67AC947221F1,Blinker,ウインカー
/28376D914D8DB596139B41928C1A587F,Brake,ブレーキ
/8B07278A46B7E26AF1AC4D98C37F868C,Bricks,Bricks
/D27C818C446D61CDC19A8689324A80EF,Bricksville,Bricksville
/E09AE7414572100A8591D6A34AEDBB0A,Browser,ブラウザー
/9C5C14444F619EB9497E5296BBF04428,"Brushed Aluminium",磨いたアルミニウム
/5DB3009A4F0110DB88B020B25D4CD9C2,Camera,カメラ
/C894DE3B4898F6BD42D243BD2E8CB6E2,Cameras,カメラ
/172D411C450963E21A6E099CA1EA88FB,"Can be used for additional features such as winches",ウインチなどの追加機能に使用可能
/641A583B4585BE49585D61A9777C9FD6,Cancel,キャンセル
/410BA3B14EE6A56106220EBBB6093700,"Cancelling join",参加のキャンセル
/1116A8684A4AF10CB7F4AB89A7AF2CF9,Canyon,キャニオン
/080689C4408F35FFDFDDA699EBB2E4B1,"Capture Thumbnail",サムネイルのキャプチャ
/76EDB7454F8A5CCA2D96B4805D1F85B6,"Capture Vehicle Thumbnail",車両のサムネイルをキャプチャする
/74D28A1F4074D7F2C8D9D7A45F4C2842,"Capture a new thumbnail from the current perspective",現在の視点から新しいサムネイルをキャプチャします
/8A1525084BA2CA17CED12398DE1D9055,"Capture and hold flags to win points for your team",旗を掴んで保持してチームにポイントを獲得しましょう
/2B7B3AE74528289983D529A2B13E50D7,"Captured Thumbnail",キャプチャされたサムネイル
/8B82F5274A69B2689A2FCC8614B8126C,Car,車
/806E45DD430325A9866CA58DF8126953,Carbon,カーボン
/C16FAA4B4DF163215BAE2E8399E85B02,"Change the HUD/UI visibility level","HUD/UI 可視性レベルを変更する"
/6E4FDD8245A55361C659FBB92966AF72,Character,キャラクター
/9314DBCC4D7870B081E2BA9EBDC7DB44,Chat,チャット
/272780374C1B1FFF986A0BB38E87B2DD,Chrome,メッキ
/A319C6944FB51F38F1D0E780B2CBCB89,City,City
/CE824B444A22D98E66043C8E245ADAA1,Cloudy,曇り
/FC2DC23F4EF9BC17F9BEFD8327F3F778,"Cloudy Glass",曇ったガラス
/6851A9CD40598F14F523C0A7A21996CE,Cmd,コマンド
/28EA376A400B20ADAA7AB8B646052ACB,Commit,専念
/8D25759648D7B2E071FF08AF76BA7F04,Common,一般
/89307B4B4EF8900B1E314D845881678A,"Communicate with mutual respect and do not share personal information!",相互尊重を持ってコミュニケーションをとり、個人情報を共有しないでください。
/3D4F84A34FD91923BE78A5BA8320D858,Conquest,コンクエスト
/C4E7712F4053A36E784F67BFDACD3D4C,Copper,銅
/1505093A4DD407036992D8B9A32F1091,Copy,コピー
/021BF85E48DE6AFB7A91AABC83F63978,"Copy to clipboard",クリップボードにコピー
/8365D88245F3EB14A6FE019B981844D9,Couplings,カップリング
/23451C2249A9F4600AD32A926E3A8828,"Create New",新規作成
/0BC40E15423069B60FF84C9110C7BA8A,Crouch,しゃがむ
/EEE3E9BD4DFDF0D79767F590CC7EBC2A,Ctrl,Ctrl
/19AF881247D1708F5CE4CF99DC6464F5,"Cycle Free Cam Mode",サイクルフリーカムモード
/D86C3F41400A069D6FE821B3BF30E1D6,"Cycle Siren",サイクルサイレン
/7A8FFD52419D43C98F267995F75B3537,"Cycle available free camera modes",利用可能なフリーカメラモードを切り替える
/05CF30CB4DFCE3CCF60D65A7110A755B,"Cycle between available siren sounds",利用可能なサイレン音を切り替える
/ED65C7C641DA133CD154D5A4A15C3C7C,Deathmatch,デスマッチ
/88FCB5E641895208C5E5E0A93149F451,Decoration,装飾
/6E689B1E4A83AED135EA55B28E696A54,Default,デフォルト
/4D9D312E4FD03CECF638778CD9FD44E4,Delete,削除
/7F4196B1478841FD6593D09CF946D1A1,"Delete all empty vehicles from the world",世界中から空の車両をすべて削除する
/19E240A7453BA268A972628C2C5C9F70,"Delete all vehicles from the world",世界からすべての車両を削除する
/BD7CEB3449FEEB207DC48191DE6098C2,"Delete your current Bob from the world",現在のボブを世界から削除します
/5F3DD8EA4717954FC6EC60A49518CCAE,"Delete your current vehicle from the world",現在の車両を世界から削除します
/7B0673F040821907F16141A6E8889E2F,Desert,Desert
/66DD54EB4950F1678C5AB3AE6ED490BB,"Desert Worm",デザートワーム
/85033D6242D67849F4D0EEBCC407BCCD,"Desert Worms",デザートワーム
/C760300F46543E4167B1EBB9D3DFA8F4,"Disable Snapping",スナップを無効にする
/DDD0A1124F2021B693A0DC80BADE7A60,"Disable Steering",ステアリングを無効にする
/C6EDA92C4C5924BCA40A07A3C8E01A78,"Disable steering on selected axles",選択した車軸のステアリングを無効にする
/BCB526E14AB77108EDDC7A875B75F930,Disabled,無効
/DA8B59FA467125AB139BF3A341C9091A,Disliked,嫌い
/2B6D98E641935C0E3B0D9FA68D7E21D7,"Do whatever you want!",やりたいことは何でもやってください！
/A99C9DE744D13042591C6EBCCA01BB5F,"Downloading {0}",{0}をダウンロード中
/306018AE460BC8ECC9BEA78DC491505D,Dummies,ダミー
/6E3C4E1048371137B19FB18BD66D1992,Dummies,ダミー
/FAF217394354684C2846ECB2915A6CB3,Duplicate,複製
/8604442C4729653457FAEA8AC1267030,"Duplicate Mirrored",反対側に複製
/B1BE41F24545E9EB5BA3B29A750DF3B1,"Edit or Revoke Ban",BANを編集または取り消す
/7073B8A14922BAA4A42A888675DBF5F2,"Edit title, description etc.",タイトルや説明などを編集します。
/12C59E454719E6E9C9DEBD9FD811518C,Editor,エディターで開く
/2B42C8A24A634E56831CFABB55A1644F,"Electric Motor",電動モーター
/4BE11C0A47101D7275C19D9B237A9F22,"Eliminate enemies to win points for your team",敵を排除してチームのポイントを獲得しましょう
/70448A4D4CD4CE96148ED082018E2ECD,"Eliminate increasingly large waves of zombies",ますます大規模になるゾンビの波を排除する
/C8DE1D7E472B0ADB8F2D68B3431EFE2B,"Eliminate the enemy team to win rounds",敵チームを排除してラウンドに勝利します
/34354B53495A96919A38ADB7A0384205,Enabled,有効
/FD10A77F4E28F30752E7D98670C4BDA0,"Enter admin password",管理者パスワードを入力してください
/AD457A3947895A10374B8CBC7BDA3D05,"Enter or exit free camera (allows you to fly around and place vehicles or dummies)",フリーカメラの出入り（飛び回ったり、車両やダミーを配置したりできます）
/E190B0FD43ECE3AB1D6F058013C75048,"Enter the vehicle editor to build or modify vehicles",車両エディターに入って車両を構築または変更します
/EDE4739A4033EC2E0027B183F1244BA3,"Equip the next explosive item",次の爆発物アイテムを装備する
/79BCBF0746C915C39BD18FA292CA0636,"Equip the next inventory item",次のインベントリアイテムを装備する
/CD911979470073952939DE8FFC225720,"Equip the previous explosive item",前の爆発物アイテムを装備する
/414DE85B4DC3B090C7E8C79C0F716997,"Equip the previous inventory item",前のインベントリアイテムを装備する
/28C1C4CE40EC7E938E273A8025D37626,"Equip your primary weapon",メイン武器を装備する
/4475B5CF43CDEC8AA299AB8E541D250D,"Equip your secondary weapon",副武器を装備する
/5B73A3E8433577CFB684CC976CF5C777,"Equip your special weapon",特別な武器を装備する
/EE41F76C432BDF79EA462EA5B6B16F01,"Exit Editor",エディターを終了する
/A824E5BD4D4D0F1BD250FD8BBA0761B3,"Exit Vehicle",車両の出口
/EC6A221E4451AE08F7465D8AA6801AB2,"Exit the current match?",現在の試合を終了しますか?
/A72A6D584316D547847AB68BEF28B95B,"Exit the editor with the currently opened vehicle",現在開いている車両を使用してエディタを終了します
/3CA917C44D3AC0A86D90899016CD430F,"Exit the editor without a vehicle",車を持たずにエディターを終了する
/321E72A74944F85F3C0723BD859BF9A5,"Exit with Vehicle",車で出る
/FB0E770245A942262A5F05BE05AC7F00,"Explode Vehicle",車両を爆発させる
/275BCC014327FAFAFD9A3688ADC08EE8,"Explode your current vehicle into pieces",現在の車両を粉々に分解します
/7DDAB57F4F6060BCCD5BD8A67E20E6B9,"Explosive Grenade",爆発性手榴弾
/BBD848734190BA1E79989C9B12287276,File,ファイル
/871D6AA54C888FA81F7F1FA2C45A5F38,Fire,火
/FA77288D42B9A244C0ED4C9A9BFC67DC,"Fire Fighters",消防士
/6855A7014AFCCD2BCDDCD3BF98D1E30B,"Fire and Water",火と水
/89F4C97D4852F24A3D57DFB7D6C28E99,"Fire the current weapon",現在の武器を発射する
/A11AFDBB4EBDD4C1588B328F74D9A31F,"First interaction key",最初のインタラクションキー
/77962FFF44296264353C41A08D4B2203,Foam,フォーム
/A80625E34B65A9876C92E2868F81A768,"Focus Camera",フォーカスカメラ
/794D72C64CDD4462307DD98235DF6C75,"Focus the camera on selected bricks",フォーカスカメラ
/EC9D80844C388C5BA7B10AB1992CE7EC,Follow,フォローする
/1D719F464792F32E465535ADF56A79E3,"Follow Location",位置情報をフォローする
/7B05DB7443B8AE274953F1BBC4904B64,"Free Camera",フリーカメラ
/B563C5B64630591DB82E33A66403F912,"Free Camera",フリーカメラ
/D0522F1947A8992857BF7194890E0E8F,"Free Camera",フリーカメラ
/18E1618C47E1118F794F61888AA34E0F,"Freeze Vehicle",乗り物を固定
/7F999C64432EFB46CFC414A6FA150F9F,"Freeze all parts of the vehicle",乗り物のすべてのパーツを固定
/F40007694D82835FA8967586770519F2,"German Fire Department",ドイツ消防署
/872E47014CA4D5AF0A11938FCA7E3594,"German Police",ドイツ警察
/CA3294FB421432E72582BBA36F1BA271,"Give Up",あきらめる
/03D9E85849CC6BEF1B7B8B8A08B3D377,Glass,ガラス
/FD841B0C481F0DE083C30EB52754A04D,Glow,発光
/69754D574DF8AAC3F971138FE28BC860,"Go to main menu?",メインメニューに行きますか？
/D3FF1826475F71F9F25726B16E5E618F,"Go to next Level",次のレベルに進む
/8BE6E53245EE2D33C41F059DFC3EE24E,Gold,金
/4039EA4549D064A6768318ADCA7F719B,"Grid Map","Grid Map"
/DAEA47B540807F30DBD64DBD7E4F5383,Guns,銃
/36E9B24645A33E5743BA8F986CB68C27,"Hand Brake",ハンドブレーキ
/822D78734534CB024F0DAB8F62B138F8,"Hazard Lights",ハザードランプ
/2D15217E4B2B5F5EACC6B2A8F870CE33,Headlights,ヘッドライト
/483D557C46382A019EF701915B228103,Hide,隠す
/010840B642D0B1FB5E88DDBD7E27C133,"High fog",濃霧
/473FB3E04A058D135BB280996B5C37DF,"Holo Sight",ホロサイト
/4D9CA66F497C08F3AA4178B7EC10647B,"Horizontal View",水平方向のビュー
/53B19189458462518C6277873052199D,Horn,警笛
/81780678446F9958D83E5F975C19BA3A,Import,インポート
/15F03C32412D88A2A0B0F0AAF217E0D4,"Incendiary Grenade",焼夷手榴弾
/901FA17C44BEEE8FA2383485C216A784,"Input Help",入力ヘルプ
/501221D649A13FC69485FE867474F4E9,"Input and Output",入出力
/623D1C054EC504035F2013AE4141A8C3,"Interact Axis",インタラクト軸
/9BCD43AE470152A4FF665FA02BD3A99F,Inventory,インベントリ
/DEDBD2FC42B1EA2BF02220B2A52776C6,Inventory,インベントリ
/FFBD944948BB5C42E02291959C8EF5BF,"Invert Selection",選択範囲を反転
/7D27D7B24BFCA68F13DB048216E3F36C,"Invert Steering",ステアリング反転
/E2F877CC4BD6C710DDD62896331FE22B,"Invert steering on selected axles",選択した車軸でステアリングを反転します
/602F7D5D41D01413DC87A3926B42F129,"Join session {0}?","セッション {0} に参加しますか?"
/20758B784601D5BBF36B76B77FBD745F,"Joining {0}",{0}に参加しています
/8B54D7E74C7166DDDD6DE081E51E8770,Jump,ジャンプ
/E4F3BC9E46BA9AFAA25C2FA05B944EE0,"Keep the new resolution and video mode? Reverting in {0}.","新しい解像度とビデオモードを維持しますか? {0} で元に戻します。"
/AE92B9C74DB3CAD49F49A0B0320B84EA,"LED Matrix",LED行列
/744D9B7F4A471694C8ACAA8AEC9A2211,"Leave the match?",試合から退出しますか？
/2D9A01B44E76021BCF9AD19E6A1BC0AA,"Let your Bob collapse",ボブを崩壊させましょう
/19DB6CD34C1D67377FD3D7BCAB9C9863,Lights,ライト
/23ECD61340CD3A3E9EA130A930790F3C,Lights,ライト
/6CE973F747CACA8E31B294B8FC8B259C,Like,好き
/9317B43C40F1B990643CFCB4087A8567,Liked,好き
/2047E15B476860C75C9690830F6FCA9E,"Look At",見てください
/89FD1A7640BAA857BB143286C3C81A9D,"Main Menu",メインメニュー
/B12A07534125867F9849D59B91E4BDF5,Map,マップ
/88124BAB4C5B33392515A6837A166069,"Max Slomo Speed",最大スロー速度
/55ADFD574711DAE4380EAA9775B767E4,"May conflict with",と競合する可能性があります
/4DFDCAC540E8D0536E41209BAC32CCA8,"Measurement System",測定システム
/258DE7CA43AB50ED3D1914A0E9F199E2,Menu,メニュー
/BB433CC54E13800E1C87BB8652590919,"Min Slomo Speed",最小スロー速度
/40FA953C4C4D7426E615A68CE2433AA3,"Mirror Selection",反対側に移動させる
/8AF1646348D6B539F92FFC9D3FCA79BC,"Mirror selected bricks along the current mirror axis",現在のミラー軸に沿って選択したBrickをミラーリングします
/16C431EC4FB5259AFAEFAD99D84B60EC,Modify,修正する
/0A5708B44A32353C45C6F8B2E34B180A,Move,動く
/1576303245B94D43CEE21EAB3D805E9E,Move,動く
/34713BBE461EF272D3343A92C82CE2E0,Move,動く
/63AA85DA4D11378241307084C5C8D5D4,Move,動く
/A91984444E2B2240C2A7FAAE0D1C1F43,Move,動く
/AA6AFC0044595B2581B409ACBB3BB59F,"Move Along X Axis","X 軸に沿って移動"
/F3232F2844B2188D5230D5BA2EE413E9,"Move Along Y Axis","Y 軸に沿って移動"
/72F55AF94E73D98DD1854C9AC39FD299,"Move Along Z Axis",Z軸に沿って移動
/B51A1344472F880786B82A85E0105E22,"Move Camera",カメラを移動する
/D69AEEB44D62211AF1438B95B7C649C5,"Move Perpendicular",垂直に移動
/1ED73E704F79CBCD2D14D18601E81318,"Next Camera",次のカメラ
/FED3CA3F4973926D5F1CA2B28924336F,"Next Dummy",次のダミー
/B94836244D64BC7E1E0C4ABFCC4A1121,"Next Explosive",次の爆発物
/E70DDC7C414C73E24BA5FFA8A206E15F,"Next Fire Action",次の射撃アクション
/C1D65FA649ADC263FFE26283F9BE80B6,"Next Seat",隣の席
/8D390BEF4F52F10EEF3C5D8C4A4D5FF8,"Next Slot",次のスロット
/B44C36B749605CCECC410CB0CB2C175E,"Next Vehicle",次の車両
/A1CD481B48AC163A5B782C9A873C90A9,Nitro,ニトロ
/168DC4EA4F275F59BD153891A778D066,"No Team",チームがありません
/F5249A084CEE08D3C868E8B79A343738,"Not in conflict",矛盾していない
/2B93F1FC47287BAE38474DA15377FC5C,Oak,オーク
/A73A40AF49297B6018CD929C4A939EBB,"Oil Slick",油膜
/904A2BFE40CA70185866F69E6DA8023F,"Old Wood",オールドウッド
/19506C984D1D2E1784FB248B2BDADC3C,Open,開く
/67DC1152438FD2CFB20601AE2179AD11,"Open Containing Folder",乗り物データがあるフォルダーを開く
/C211ECBA442062FE88AEFF952CD70DA3,"Open in Editor",エディターで開く
/040DE0AC42C904027B5C96805B380FC2,"Open multiplayer chat",マルチプレイヤーチャットを開く
/58AA38304B4EF715B3733DB4FDC70332,"Open or close the inventory screen",インベントリ画面を開くまたは閉じる
/7288817D4A69CE24B4EE649E0AE9A3C5,"Open or close the scoreboard screen",スコアボード画面を開くまたは閉じる
/E5736233490F6CF68B8A29990C96688F,"Open or close the top down map screen",トップダウンマップ画面の開閉
/9833CEAD429AA7DADDB01AAF96B62CA2,"Open the vehicle browser to spawn or replace a vehicle",車両ブラウザを開いて車両を生成または置き換えます
/5BE2A7FB4AB0BC8EC3FA819E75B71396,"Operation Mode",動作モード
/19DB56B44954BA8AA831EEAD2B8DD0F9,Overwrite,上書き
/3E8FDA0F4D16803547DB149C7C2071FE,Paint,ペイント
/8EF5D0784D006E90D021C59934AB354D,Paint,ペイント
/7879AFB7455EDC0819D8999C1BCC109C,Pants,パンツ
/A4381E5748884CD0501FE1967ED0336B,Pants,パンツ
/F4551BCA452D8A8F19DFEF8401312CFF,"Partly cloudy",所により曇り
/2F86E58E47A6501C0EBF47BEEA71DF74,Paste,ペースト
/E6E252E84AE9DAD19D67099C322F2568,"Paste from clipboard",クリップボードから貼り付け
/DF93248447432CAAA53566990D01A184,"Pause Game",ゲームを一時停止する
/A95088CF43296DA632B226A8E3B7FDED,Petrol,ガソリン
/42F173B541E72A2AA0C2B0A0D36ED33A,"Photosensitivity warning: This game contains bright and flashing imagery.","光過敏症に関する警告: このゲームには明るく点滅する画像が含まれています。"
/70EEDE0F4B7DECCE2496378BC552EE0F,"Pick Value",値の選択
/72CED81D4642597F4D647F8B85ADD1C5,"Pick an object to copy the value from",値のコピー元のオブジェクトを選択してください
/7F95D429478EDB6DC65DE4B196692659,"Pin Vehicle",ピンビークル
/398EA83D41DAFBE7D49B198E1C340C30,"Pin the main part of the vehicle",車両の主要部分をピンで固定します
/2FF4748346AD3E12B0406E8703E46714,Pine,パイン
/7BA4668249777D86717ECBB20C41A79B,Pitch,ピッチ
/56A7CCBD47AEFA34232BFCB40E0FBD7D,"Pivot Camera",ピボットカメラ
/829600C5417687E65BB688851FE452AE,Plastic,プラスチック
/EB769C354AFE40841832B08CA76231BD,Player,プレーヤー
/7E75D1C643BDC64F2853EBBECCFA42B6,"Player Invincible",プレイヤー無敵
/7515F0234975F88D9229F3BA57147439,Police,警察
/22A38826486801B0FC8FD996029E0A5A,"Possess the next dummy",次のダミーを所有する
/D2CF217F47C80544BF04A4AC9A7BD535,"Possess the previous dummy",前のダミーを所有する
/2D03558C49C18028A71110B77F8C60EA,"Previous Camera",以前のカメラ
/DD233E83464BB7AB6CF68A9FE52D603B,"Previous Dummy",前のダミー
/C7ED5EBC43CDAA8E2E518990AD0431B5,"Previous Explosive",前の爆発物
/B8BD787E498ED7AD864EAAAA08E3F84E,"Previous Fire Action",前の火災アクション
/E615DB6240BC98AF69B49E81FEDD689B,"Previous Seat",前の席
/B09B189D4A2DC119D063448B033AE861,"Previous Slot",前のスロット
/6BD65FDB4C53B2454FC4FBB61BFFCEAE,"Previous Vehicle",前の車両
/50BF9AB44F682ED1E1F4BFA3D61816D7,Primary,メインスロット
/CEFE686C4D7B41E479985886F0B37B79,Primary,メインスロット
/EECBC57641CEBCA43C85259B5195E646,"Primary Weapon",プライマリ武器
/B45B46EA44231E68451686ACB9D140F3,"Projectile Camera",発射体カメラ
/7C04E17845A5B34B2067B484C2B91DDF,"Quit Game",ゲームを終了する
/6CDCDF7B4E437551DE2595B0E284782C,"Quit to desktop?",デスクトップを終了しますか?
/D574E4954DD7993B018022B986177FB8,Racetrack,Racetrack
/787D70434B444BCD56E410A599F64F24,Rain,雨
/1AF1FE8D4B0F25ECF2E080B483AF64D1,Ramps,スロープ
/A7E4761D440E923DE80B999DC0A03825,"Recover Auto Save",自動保存を回復する
/26129B014861619084FC3EBB3A8AC0C6,"Recover Here",その場で復活
/502B1EB84C34E287AD19208242A54C94,"Recover at Garage",ガレージで復活
/2546FFF7445FC0FA715672981E8D41C0,Redirectors,リダイレクタ
/D6A3341740D8A8FB5CBA6593E4E70256,Redo,やり直し
/0DBFA0294AB6CEBFF254EAA6364327F1,Reload,リロード
/9C20367545B5B1EA8C05B8A3C988EFD3,"Reload your current gun",現在の銃をリロードする
/FC84076E4335582F18BC81B427B27D8E,"Remove All Vehicles",すべての車両を削除する
/473464A24D51279899F640B0E7A9F731,"Remove Bob",ボブを削除する
/5B76259144F2CE00A762739A3A7CA6A3,"Remove Dummies",ダミーを削除
/C1418F414BB8C65B7250CCB6E286E5DA,"Remove Empty Vehicles",空車の撤去
/FD239AC146CEF48253762EAA1C1FCEC6,"Remove Vehicle",車両の削除
/BA2D663A476A4AC89EE08A8E449D189F,"Remove all dummies in the world",世界中のダミーをすべて削除する
/A3B0F1CF42E33539754C09AA25754F45,"Remove binding",バインディングを削除する
/4D5F74564A5354C5D19897B788DEE6D2,"Replace Vehicle",車両を交換する
/8E77657648B00B76A3DBC280B95C113B,"Reset Pan and Zoom",移動と拡大をリセット
/A6E6CAD14E79A5EB56AC069B7A0CBB0A,"Reset all input mappings to default values?",すべての入力マッピングをデフォルト値にリセットしますか?
/D797C90D4CE94A76AFA50EB8AF40BCBE,"Respawn locked for {0}",{0}のリスポーンはロックされています
/F79AF94C43C12A1838011CBBAB4070C2,"Restart Level",リスタートレベル
/3FFE6F214118E4BB63D087B8F1910DF6,"Return to the game area!",ゲームエリアに戻りましょう！
/24E2CE2640B4CE47BF64FCB4A65E0CA4,"Revive Dummies",ダミーを復活させる
/E4EDDA774AF9B1DAD2D949990337A83F,"Revive all dummies in the world",世界中のすべてのダミーを復活させます
/069CAAD947412FBE5739EFAC179D6008,"Revive yourself and repair your vehicle at the current location",自分自身を復活させ、現在の場所で車を修理します
/0A65F9F14ED9B6B2E03FA58552A91E24,Robbers,泥棒
/D3255B5442FE842D9228BB8264131F44,"Rocket Launcher",ロケットランチャー
/5487559445A70563D7F71485EC6F1D33,Rods,ロッド
/E483EF6C41959066DEE69F9B741E4DD1,"Rotate Pawn",ポーンを回転する
/00ED2D3D477A5027F50D09B485F3BD26,"Rotate the camera around selected bricks",ポーンを回転する
/1CE9D3604D8918B14DD402ACDDF33CE9,"Rotate the free cam placement box",フリーカム配置ボックスを回転させます
/D5DD059F4F43B03A5388F58E39E0AEF1,"Round Stuff",丸いもの
/8427212046626950596D508ACA5DDE7B,Rubber,ゴム
/3BC0F13547F3BE46713960860FD4900A,"Run faster",より速く走る
/D72FF5714291E1EF5E38D2BDCB96676F,"Rusted Steel",錆びたスチール
/5C8B6DF245789D45E54F8CAC955899BA,Sandbox,サンドボックス
/C84B2825475BB6D5479C0F9753F1D285,Sandbox,サンドボックス
/5F6BC21B41F1E411BA255591569CAC4B,Save,保存
/A3A08B53433E1CB48E81C9AACA2C3CC7,"Save As",名前を付けて保存
/A4A42DA74BD7676C13983FABF1AEFAD6,"Save a screenshot as the thumbnail for your current vehicle",スクリーンショットを現在の車両のサムネイルとして保存します
/440023034B95CF0B6160A581BBB91DDD,"Save new",新規保存
/D8C4A6E347A76DD352CA9194C878B691,"Save video settings?",ビデオ設定を保存しますか?
/DAE8E30048452542407108AF1F7505DB,Saved,保存されました
/328DE4A24C874F5650591D9A2ABE7911,"Saving failed",保存に失敗しました
/446319C145E3635E9F9F6F8A50E3F870,Scalables,サイズ調整可能
/235741624E396D8DD2825EB7D4329E4A,Scoreboard,スコアボード
/200E7AFB4134762554553AA14C37AC80,"Second interaction key","2 番目のインタラクション キー"
/E41DA3EA446E258D332856B30A9984EE,Secondary,サブスロット
/E8CF41B64E2466A226098694462CDECD,Secondary,サブスロット
/A8A653A14BA3B032072CF6AD16D5DE5A,"Secondary Weapon",副武器
/9B1BC3EA44AA33D6B658759FA94AB9D9,Select,選択
/611A958245EB5ED96589D3BA532B665D,"Select All",すべて選択
/2B7BF1D144F59B9F67E246A98022B937,"Select Connected",接続済みを選択
/771D99BE4F5D58FA615DFFBE67A73576,"Select Recursively Connected",再帰的に接続を選択
/90C17DE04F3DB4E8C179DE8C2FD3D032,"Select all bricks of the same class",再帰的に接続を選択
/CBFBD09A43811FB832A91185D248ED7A,"Select all bricks with the same color",同じクラスのすべてのBrickを選択します
/01412189417FED002B1A31B5CA57FCF4,"Select all bricks with the same material",同じ色のBrickをすべて選択します
/C2A45D484FD7088E0169F7B0416FE181,"Select all bricks with the same pattern",同じ材質のBrickをすべて選択します
/159D041148C91BDA5DB97CBB9B542FCD,"Select all objects with the same property value",同じプロパティ値を持つすべてのオブジェクトを選択します
/01EFD37641B096916F4C7D87A4E8992B,"Select all or nothing",すべてを選択するか何も選択しない
/59DED9F1472078BCFD8B02A006B5A60D,"Select bricks directly connected to the current selection",すべてを選択するか何も選択しない
/A7069FC04E22A65BF03C93A586D18FAE,"Select bricks directly or indirectly connected to the current selection",現在の選択に直接接続されているBrickを選択します
/6B1BDA274DE008CC7FDFD5B2394C5D37,"Select by Class",クラスから選ぶ
/82E8EA3B46B1DBDBD0EE73AD99D54D2F,"Select by Color",色で選ぶ
/474A511548C2BF67A2EF61BBADF204A0,"Select by Material",素材から選ぶ
/CBE6F8F749AE77D1A82999A4CD94F91A,"Select by Pattern",パターンで選ぶ
/6C92FF894D73BC1C67FE0DA723E8FB67,"Select by Type",タイプから選ぶ
/3413D39A411E4E7A6ACC6FA00526AE79,"Select by Value",値による選択
/5C6293644EBBE5C27EAC19B7DA313855,"Select the next fire action, allows using the primary fire action instead of actions 1-8","次の発射アクションを選択します。アクション 1 ～ 8 の代わりに主な発射アクションを使用できます。"
/602F93A24C46938BE037778274C5E066,"Select the previous fire action, allows using the primary fire action instead of actions 1-8","前の射撃アクションを選択すると、アクション 1 ～ 8 の代わりに主な射撃アクションを使用できます。"
/0196BF234EB36B3855CC898AED80E225,Selection,選択
/77FE7D7F431D4F41E0A2A4A6923ED23B,Shift,シフト
/BE6AAD34433EFFF6AAB4C3A055D2B811,"Shift Down",シフトダウン
/18BB4D6C47E07538B9675CAA8028E9DB,"Shift Up",シフトアップ
/603303D14327D1C5C0C7F6916F1C2A9C,Shirt,シャツ
/FDECCB1B44F24B8B2B89ECBC0AAAB400,Shirt,シャツ
/C62DA1574465F1977807E497AC41ED41,Sight,サイト
/68CFA41E4B66EC32850737BBE61EB4FF,"Slomo Speed Down",スローモーションスピードダウン
/85D2D3B14892F2105937BDB04966C2F7,"Slomo Speed Up",スローモスピードアップ
/8A49FDF242E76A1C92FCC59E486B598A,"Slow Motion",スローモーション
/D7A2970C42F1A1D9691E7B9C49B17F50,"Slow Motion",スローモーション
/422BB4F74E03EE74093DD2A34ACB8477,Sniper,スナイパー
/A173F72F4F502D59119DD0A5DD174D1A,"Sniper Scope",スナイパースコープ
/12DEC8AB4D6D4B30F74E9E9B0809B561,Snowfall,降雪
/26126AF64E055870A0C057A6807ED1FE,Space,宇宙
/702D16514A6DC809F59E8797D4D7A8FA,"Spawn Dummy",スポーンダミー
/16C3BF704313360193FF53A7D4B3BB57,"Spawn Mode",スポーンモード
/184D834047DC0F8AD3D7EEA50C362410,"Spawn Vehicle",スポーン車両
/EFD74D01485984DB56B47B94120314BC,"Spawn Vehicle",スポーン車両
/83B258404E1FD4903D593F9847F7A0A7,"Spawn a new dummy in free cam",フリーカメラに新しいダミーをスポーンする
/1DFF05824265BED21B244386A936CBD7,Special,特殊スロット
/A76D0DD14A34FE968492309BEE00880E,"Special Weapon",特殊武器
/835F1D98435570A85718DC9BD791D5EC,"Spectating {0}",{0}を観戦中
/32D2D63546E1E417D34723AB08F7B414,"Speed Axis",速度軸
/68ABE07741A3E1B59B1A55ABE8A0089D,"Speed Step",スピードステップ
/93487F99441BFE72AC386E95D01B2AC1,"Speed Step",スピードステップ
/993825C44E43F35C51A8DB9B934D716D,Sprint,スプリント
/E304EBD64002226E7D8F75BC26A8DAA0,Stationary,固定式
/0ECC142848542E39F12F1FBBE295DF59,Steel,鋼鉄
/85A4496A419AE32867C0BA908F58510D,Steering,操舵
/BAB4F2474D39923C1217BC91E0FA53A2,Strobe,ストロボ
/12CC93CC4E39AC0A8BFC8FBB9131B257,Sunny,晴れ
/1E3933794A648029B8A7969E11AF4ACA,"Sunny and snowy",晴れたり雪が降ったり
/46C6F91B457304B1D94A10A9561B1DF8,"Sunny and wet",晴れて濡れている
/62B5BA9449846A5DB32871BB70F7EAD3,Suppressor,サプレッサー
/E7923B2647EA91D7F720A386A78A7797,"Switch the siren on or off",サイレンをオンまたはオフに切り替えます
/3705A2614B369FC33016349B4E5C9153,"Switch to the next vacant seat",次の空席に切り替える
/C05A64FF4AABC515E92660A33874B371,"Switch to the previous vacant seat",前の空席に切り替える
/EDC243C14AD65C140D69BDB31A203FA9,"Teleport Player",テレポートプレイヤー
/8CD0F82A46A20E39156527896B947206,"Teleport the player and their vehicle in front of the camera",プレイヤーとその車両をカメラの前にテレポートします
/C98005A149654728FD54F8933F304746,"Teleport to the next vehicle with a vacant seat",空席のある次の車両にテレポートします
/0D3B083D41DAF8AAAE264C9DE3C75092,"Teleport to the previous vehicle with a vacant seat",空席のある前の車両にテレポート
/3A643C9342126E74CC4C4A95BF8908ED,"Teleport youself and your vehicle to the nearest garage",あなた自身とあなたの車を最寄りのガレージにテレポートします
/647780E14379426009A98AA64C089056,Tertiary,三次
/90AC752F4A4AE0288520FBA8160E5661,"The file has originally been created by user ""{0}"". You should ask for their permission before uploading a copy. Continue anyways?",このファイルは元々ユーザー「{0}」によって作成されました。コピーをアップロードする前に、許可を求める必要があります。とにかく続けますか？
/CB01239C4822ACFDE013EFB1A3EA1A33,"There are unsaved changes, do you want to save them now?",未保存の変更があります。今すぐ保存しますか?
/338B84FC4D941F44258154A667DE024A,"Third interaction key","3 番目のインタラクション キー"
/45087C114585DF2048F78BABD86E3775,Throttle,スロットル
/C0B3CC1844D6FA02151D3991D8803B2B,"Throw Item",アイテムを投げる
/1B2A467448896F047626218350D56612,"Throw your carried item",持っていたアイテムを投げる
/7211ACC04B4B006C6EDAC58F44BE9894,Thrusters,スラスター
/81E3194743C728CA3C740294C996E91A,Thunderstorm,雷雨
/5925A4414D07DBD693F3D19AB45DF962,Tiger,虎
/AAABFF654BDAF6992D4FD2B0A3EF1C7F,"Toggle Mirror Mode",ミラーモードの切り替え
/16C5BE6E4CB7B545B4EA1B8203EB0A33,"Toggle Projectile Camera",発射物カメラの切り替え
/FD21D9804E212518EA33AB9A15F4FF55,"Toggle Selection",選択の切り替え
/8DC991A44133E672654BDB95134EF9DD,"Toggle Siren",サイレンの切り替え
/DE7444224681A30A7EE885807DE73E9B,"Toggle Transform Space",変換スペースの切り替え
/7694781C4742B5A3F4F3D0AC2D3BC3CA,"Toggle beacon lights",ビーコンライトの切り替え
/9D6BA52A458F1E53C1C3969C67000C12,"Toggle between world and local space",ワールド空間とローカル空間を切り替えます
/730C751348CAE24A7BA55E8D6908D589,"Toggle grid and connector snapping",グリッドとコネクタのスナップを切り替えます
/67F7A68B4B6B87376C810381C3A34C70,"Toggle lights",ライトの切り替え
/440677704C380B54F92560AF497576B3,"Toggle operation (or alt) mode, some vehicles use this for additional input","操作 (または alt) モードを切り替えます。一部の車両は追加の入力にこれを使用します。"
/C510F37241D61E2D56EBB880B1CD77B4,"Toggle warning/hazard lights",警告灯/ハザードランプを切り替えます
/04F73246417EB3E21417DF9DDA0D52C1,"Toggle your Bobs invincibility state",ボブの無敵状態を切り替える
/3794F3F54192512E14793D88A0607883,"Toggle your vehicle invincibility state",車両の無敵状態を切り替える
/D0C596B445D63EA7A24B7A85A6D3A619,Tools,ツール
/4BF2D62B4F2A3572A2A6D3948FC4EBAF,"Traction Plate",トラクションプレート
/12464EB745E2170FF3716F99915615AC,"Transmission Mode",送信モード
/8F31AA5A4D0B2533EDA894A00A8833AB,Truck,トラック
/5EE4025F49C05476281D6FA327319E43,Tungsten,タングステン
/62EA46604DCB8BDCBA617AACAE1D582B,"US Siren",USサイレン
/59D0C1BD42053A67028A2AB746C2A902,Unbound,
/2A52711A4647F95405BC218917EE2D05,Uncategorized,未分類
/A56595A4448108D4A92677BC6530B514,Undo,元に戻す
/2B66981F4C2FACB1281D93831B82B7B3,"Unhide All",すべて再表示
/E1FC96164BB221AD576917B96B3FC446,Unsaved,未保存
/ACCA46F74A813910B5F2269F70C6CDD8,Upload,アップロード
/D86A57224B619EDCAF499BBCE936DAA2,"Upload As",名前を付けてアップロード
/7C096AD544EF27E44DFA4DB7FA89E483,"Upload a new creation to the Workshop or overwrite an existing one",新しい作品をワークショップにアップロードするか、既存のものを上書きします
/FE4139A44F100A74D8E4879DBB5A8235,"Upload a new creation to the Workshop or update it",新しい作品をワークショップにアップロードするか、更新します
/219A4A374A78CFF3AB81BAA9164F699C,"Used for aircraft pitch input for example",航空機のピッチ入力などに使用されます。
/01127E0C48967E5355D53393926454F0,"Used for aircraft yaw input for example",航空機のヨー入力などに使用されます
/4B78462741BF3A44012053A5B2906207,"Used to interact with winches etc.",ウインチなどとのやり取りに使用します。
/4C1E9A98489E3FD3F71D188EC52A1066,"User Interface",ユーザーインターフェース
/8644856E4FDCB9BD360AEDA0F142B901,Vehicle,車両
/AF25AD9C4B6FDF8B01DBB8A479517E35,Vehicle,車両
/39A3D4704B0E8EC8B66993919C80475A,"Vehicle Advanced",ビークルアドバンスト
/57BF4285419FCE95C6439DB72EC71127,"Vehicle Editor",車両エディター
/86290D90480C769C0C084290B75424EE,"Vehicle Invincible",車両無敵
/22EC823F4C55693BB9AB758072233480,"Version {0}","バージョン {0}"
/B2DF7EE14E5FD3046352FAB850D1CB61,"Vertical View",垂直方向のビュー
/30EC1D51407B54E8739FBC857D0DD526,"View Mode",ビューモード
/8278BA21416CACE78F6EDEBF13227F10,"View Vehicle in Workshop",ワークショップで車両を見る
/530DF77E41FE684A26ED06B595EFD045,Walk,歩く
/63F389BB42CACE571DED71AC1B5CFB1B,Walk,歩く
/FA352BF549B04E034F78AE97C03DDD48,"When activated the camera fill follow fired projectiles",アクティブ化すると、カメラは発射された発射体を追跡します
/F9F6A09B49E51CD7F7D72C9302D5045B,Windows,窓
/C27C32124D5B68136194E7917C309AE5,Yaw,ヨー
/84DD8067480D27EDDB1404B7C22636EA,"Zombie Survival",ゾンビサバイバル
/72E610B444A16E63534EC8B1E93A0CBD,Zombies,ゾンビ
/6DD15EAF45A4D84801B2C991B2736F4F,"Zoom Axis",ズーム軸
/A6CBC8464BE788AA1A87C1AFF2F7F6BF,"Zoom Step",ズームステップ
/BD34E7F14D0A97BC26653F8766480C78,"Zoom Step",ズームステップ
/B5C09D62488D3D14152C888B9AAE0DA6,"{0} Hidden","{0} 非表示"
/1355090C4EB0D7E9C0D0E38566AEBAA8,"{0} with fluid dynamics","{0} 個の空力/浮力"
/33C73DAB42606C301A0B7997C0BE94F0,"{0} won the match!","{0} が試合に勝ちました!"
AAMethod/FXAA,FXAA,FXAA
AAMethod/None,Off,オフ
AAMethod/TAA,TAA,TAA
ActuatorMode/Accumulated,Accumulated,蓄積された
ActuatorMode/Cycle,Cycle,サイクル
ActuatorMode/PhysicsDriven,"Physics Driven",物理学駆動
ActuatorMode/Seeking,Seeking,探しています
ActuatorMode/Spring,Spring,春
ActuatorMode/Static,Static,静的
AmmoType/HighExplosive,Explosive,爆発物
AmmoType/TargetSeeking,"Heat Seeking",熱を求める
AmmoType/Incendiary,Incendiary,焼夷性
AmmoType/Guided,"Laser Guided",レーザー誘導
AmmoType/Default,Standard,標準
BrickEditor/BasicCategory,Basic,基本
BrickEditor/NoSelection,"Nothing Selected",何も選択されていません
BrickEditor/CannotUpdateFileFromOtherAuthor,"The item ID is associated with a different user. Use 'Upload As' and manually select the item to update on your Workshop to fix this.","アイテム ID は別のユーザーに関連付けられています。この問題を修正するには、「名前を付けてアップロード」を使用し、ワークショップで更新するアイテムを手動で選択します。"
BrickEditor/CannotUploadWithModdedBricks,"You are not allowed to upload creations with modded bricks.","アイテム ID は別のユーザーに関連付けられています。この問題を修正するには、「名前を付けてアップロード」を使用し、ワークショップで更新するアイテムを手動で選択します。"
BrickEditor/ElementsInFilterFormat,"{0} Elements","{0} 要素"
BrickProperties/bFlapAccumulateInput,"Accumulate Angle",角度の累積
BrickProperties/bAccumulated,"Accumulate Input",入力を蓄積する
BrickProperties/PowerInputChannel,"Activation Input",アクティベーション入力
BrickProperties/AdvancedCategory,Advanced,高度な
BrickProperties/BrickMaterialDesc,"Affects appearance and physical properties",外観と物理的特性に影響を与える
BrickProperties/AllowDifferentMods,"Allows different Mods","さまざまな Mod を許可します"
BrickProperties/AmmoType,Ammunition,弾薬
BrickProperties/Author,Author,著者
BrickProperties/AutoHoverInputChannel,"Auto Hover",オートホバー
BrickProperties/BrakeCategory,Brake,ブレーキ
BrickProperties/BrakeInputChannel,"Brake Input Channel",ブレーキ入力チャンネル
BrickProperties/BrakeStrength,"Brake Strength",ブレーキの強さ
BrickProperties/Brightness,Brightness,輝度
BrickProperties/bCanDisableSteering,"Can Disable Steering",ステアリングを無効にすることができます
BrickProperties/bCanInvertSteering,"Can Invert Steering",反転ステアリング可能
BrickProperties/BrickColor,Color,色
BrickProperties/ConnectorSpacing,"Connector Spacing",コネクタの間隔
BrickProperties/MaxContraction,"Contraction Limit",収縮限界
BrickProperties/OutputChannelChildren,"Controlled Input Channels (Read Only)","制御された入力チャンネル (読み取り専用)"
BrickProperties/CouplingMode,"Coupling Mode",カップリングモード
BrickProperties/CreationDate,Created,作成されました
BrickProperties/SwitchName,"Custom Name",カスタム名
BrickProperties/IsDedicated,"Dedicated Server",専用サーバー
BrickProperties/Description,Description,説明
BrickProperties/VotesDown,Dislikes,嫌い
BrickProperties/DisplayColor,"Display Color",表示色
BrickProperties/DriveCategory,Drive,ドライブ
BrickProperties/IsDriverSeat,"Driver Seat",運転席
BrickProperties/KickDuration,Duration,間隔
BrickProperties/EnabledInputChannel,"Enable Input Channel",入力チャンネルを有効にする
BrickProperties/OwningSeat,"Exclusive Seat",専用シート
BrickProperties/ExitLocation,"Exit Location",出口の場所
BrickProperties/MaxExpansion,"Extension Limit",延長制限
BrickProperties/FilterCategory,Filter,フィルター
BrickProperties/FlapInputScale,"Flap Speed",フラップ速度
BrickProperties/FlashSequence,"Flash Pattern",フラッシュパターン
BrickProperties/bGenerateLift,"Fluid Dynamic Surface",空力と浮力
BrickProperties/Font,Font,フォント
BrickProperties/FontSize,"Font Size",フォントサイズ
BrickProperties/NumFractionalDigits,"Fractional Digits",小数桁
BrickProperties/FuelType,Fuel,燃料
BrickProperties/GameMode,"Game Mode",ゲームモード
BrickProperties/GearRatioScale,"Gear Reduction",減速機
BrickProperties/GenerateLiftDesc,"Generates lift and drag if enabled, use sparingly because it affects performance",有効にすると揚力と抗力が生成されます。パフォーマンスに影響するため、使用は控えめにしてください
BrickProperties/bHasBrake,"Has Brake",ブレーキあり
BrickProperties/bHasHandBrake,"Has Hand Brake",ハンドブレーキあり
BrickProperties/HornPitch,"Horn Pitch",ホルンのピッチ
BrickProperties/OwningSeatDesc,"If set the camera can only be used from this seat",設定すると、この座席からのみカメラを使用できます
BrickProperties/InputChannelDesc,"If this channel is enabled, it will drive the switch value instead of interaction",このチャネルが有効な場合、インタラクションの代わりにスイッチ値を駆動します。
BrickProperties/Image,Image,画像
BrickProperties/ImageColor,"Image Color",画像の色
BrickProperties/InputChannelA,"Input A",入力A
BrickProperties/InputChannelB,"Input B",入力B
BrickProperties/InputChannel,"Input Channel",入力チャンネル
BrickProperties/InputScale,"Input Scale",入力スケール
BrickProperties/InputAxis,"Input Type",入力タイプ
BrickProperties/bInvertDrive,"Invert Direction",方向を反転
BrickProperties/bInvertTankSteering,"Invert Tank Steering",戦車ステアリングを反転
BrickProperties/bDriven,"Is Driven",駆動輪
BrickProperties/KickTime,Kicked,キックされた
BrickProperties/Level,Level,レベル
BrickProperties/LightConeAngle,"Light Cone Angle",ライトコーンアングル
BrickProperties/LightDirection,"Light Direction",光の方向
BrickProperties/VotesUp,Likes,いいね！
BrickProperties/ActuatorLimitsCategory,Limits,限界
BrickProperties/Location,Location,位置
BrickProperties/BrickMaterial,Material,材料
BrickProperties/MaxAngle,"Max Angle",最大角度
BrickProperties/MaxIn,"Max In",マックスイン
BrickProperties/MaxOut,"Max Out",マックスアウト
BrickProperties/MinAngle,"Min Angle",最小角度
BrickProperties/MinIn,"Min In",ミンイン
BrickProperties/MinOut,"Min Out",最小アウト
BrickProperties/ActuatorMode,Mode,モード
BrickProperties/MathOperation,Operation,手術
BrickProperties/OutlineThickness,"Outline Thickness",外形の太さ
BrickProperties/OutputChannel,"Output Channel",出力チャンネル
BrickProperties/IsPasswordProtected,"Password Protected",パスワードで保護されています
BrickProperties/BrickPattern,Pattern,パターン
BrickProperties/Ping,Ping,ピン
BrickProperties/PitchInputChannel,"Pitch Input",ピッチ入力
BrickProperties/PlayerId,Player,プレーヤー
BrickProperties/bSearchPrivateServers,"Private Servers",プライベートサーバー
BrickProperties/bReturnToZero,"Reset when Disabled",無効時にリセット
BrickProperties/ReturnToZero,"Return to Zero",ゼロに戻る
BrickProperties/RollInputChannel,"Roll Input",ロール入力
BrickProperties/Rotation,Rotation,回転
BrickProperties/SearchText,Search,検索
BrickProperties/TraceMask,"Sensor Mask",センサーマスク
BrickProperties/SensorType,"Sensor Type",センサーの種類
BrickProperties/AverageFrameRate,"Server Tick Rate",サーバーティックレート
BrickProperties/SearchSessionType,"Server Type",サーバーの種類
BrickProperties/bSearchServersWithDifferentMods,"Servers with different Mods",違うModを導入しているサーバー
BrickProperties/NextMatchSettings,Settings,設定
BrickProperties/SirenType,"Siren Type",サイレンの種類
BrickProperties/BrickSize,Size,サイズ
BrickProperties/SmokeColor,"Smoke Color",スモークカラー
BrickProperties/SpawnScale,"Smoke Density",煙の密度
BrickProperties/SortMethod,"Sort by",並べ替え
BrickProperties/SourceBricks,Source,ソース
BrickProperties/SpeedFactor,Speed,スピード
BrickProperties/NoFlashSequence,Static,静的
BrickProperties/SteeringCategory,Steering,操舵
BrickProperties/SteeringAngle,"Steering Angle",ステアリング角度
BrickProperties/SteeringInputChannel,"Steering Input Channel",ステアリング入力チャンネル
BrickProperties/SteeringSpeed,"Steering Speed",ステアリング速度
BrickProperties/SpringStiffness,Stiffness,剛性
BrickProperties/SuspensionCategory,Suspension,サスペンション
BrickProperties/SuspensionDamping,"Suspension Damping",サスペンションダンピング
BrickProperties/SuspensionLength,"Suspension Length",サスペンションの長さ
BrickProperties/SuspensionStiffness,"Suspension Stiffness",サスペンションの剛性
BrickProperties/UGCTags,Tags,タグ
BrickProperties/bTankDrive,"Tank Steering",タンクステアリング
BrickProperties/Text,Text,文章
BrickProperties/TextColor,"Text Color",文字の色
BrickProperties/AutoHoverInputChannelDesc,"The engine will try to keep the helicopter level while this channel is > 0.5","このチャンネルが 0.5 以上である間、エンジンはヘリコプターを水平に保とうとします。"
BrickProperties/EnabledInputChannelDesc,"The sensor will update its output value while this channel is > 0.5","このチャンネルが 0.5 以上である間、センサーは出力値を更新します。"
BrickProperties/OutputChannelChildrenDesc,"This cannot be modified! Lists other bricks which have an input channel referencing this brick",これは変更できません。このブリックを参照する入力チャネルを持つ他のブリックをリストします。
BrickProperties/ThrottleInputChannel,"Throttle Input",スロットル入力
BrickProperties/MinutesPlayedWeek,"Time played (last 7 days)","プレイ時間 (過去 7 日間)"
BrickProperties/MinutesPlayedTotal,"Time played (total)",プレイ時間（合計）
BrickProperties/TirePressureRatio,"Tire Pressure",タイヤ空気圧
BrickProperties/Title,Title,タイトル
BrickProperties/EditorMoveTransformCategory,Transform,変身
BrickProperties/LastUpdateDate,Updated,更新されました
BrickProperties/UseExitLocation,"Use Custom Exit Location",カスタム出口位置を使用する
BrickProperties/Value,Value,価値
BrickProperties/WorkshopVisibility,Visibility,可視性
BrickProperties/WheelDiameter,"Wheel Diameter",車輪径
BrickProperties/WheelWidth,"Wheel Width",ホイール幅
BrickProperties/WinchSpeed,"Winch Speed",ウインチ速度
BrickProperties/YawInputChannel,"Yaw Input",ヨー入力
BrickProps/UGCType,Category,カテゴリ
BrickProps/IdlerWheels,"Idler Wheels",アイドラーホイール
BrickProps/SearchText,Search,検索
BrickProps/IdlerWheelsDesc,"Select wheels to wrap the track around in clockwise direction.",時計回りにトラックを巻き付けるホイールを選択します。
BrickProps/bShowLegacyItems,"Show Legacy Items",レガシーアイテムを表示
BrickProps/SortMethod,"Sort by",並べ替え
BrickProps/UGCTags,Tags,タグ
BrickProps/TrackColor,"Track Color",トラックの色
BrickProps/bUpdateDescription,"Update Description",アップデートの説明
BrickProps/bUpdateThumbnail,"Update Thumbnail",サムネイルを更新
BrickProps/bUpdateTitle,"Update Title",タイトルを更新
Bricks/Actuator,Actuator,アクチュエーター
Bricks/ReceiverDescription,"Allows controlling parts of the vehicle that are not connected to the driver seat",運転席に接続されていない車両の部分を制御できるようにします
Bricks/Antenna,Antenna,アンテナ
Bricks/Arch,Arch,アーチ
Bricks/WheelDescription,"Attaches to axles",車軸に取り付けます
Bricks/RotorDescription,"Attaches to helicopter engines",ヘリコプターのエンジンに取り付けます
Bricks/CouplingDescription,"Attaches two parts with a loose connection","2 つのパーツを接続が緩く接続している"
Bricks/AutoFireMode,Automatic,自動
Bricks/Axle,Axle,車軸
Bricks/Barrel,Barrel,バレル
Bricks/BarrelDescription,"Barrels can increase the range and precision of guns",バレルは銃の射程と精度を向上させることができます
Bricks/RotorBlade,Blade,ブレード
Bricks/BladeHolder,"Blade Holder",ブレードホルダー
Bricks/Brick,Brick,ブレードホルダー
Bricks/Bumper,Bumper,バンパー
Bricks/ThrusterDescription,"Burns fuel to generate thrust",燃料を燃焼させて推力を発生させる
Bricks/Camera,Camera,カメラ
Bricks/WheelHubDescription,"Can be used to build custom wheels or other spinny things",カスタムホイールやその他のスピニーなものを構築するために使用できます
Bricks/FlapDescription,"Can be used to steer vehicles in air or water",空中または水中で車両を操縦するために使用可能
Bricks/TurbineDescription,"Combine this engine with a rotor and blades to build a helicopter",このエンジンとローターやブレードを組み合わせてヘリコプターを組み立てます
Bricks/Compressor,Compressor,コンプレッサー
Bricks/Cone,Cone,円錐
Bricks/ActuatorDescription,"Connects to an actuator counterpart to apply force or torque",対応するアクチュエータに接続して力またはトルクを加えます
Bricks/Coupling,Coupling,カップリング
Bricks/ScalableDescription,"Customizable size and connector spacing",カスタマイズ可能なサイズとコネクタ間隔
Bricks/Cylinder,Cylinder,シリンダー
Bricks/Detonator,Detonator,雷管
Bricks/Display,Display,画面
Bricks/TextBrickDescription,"Displays customizable text",カスタマイズ可能なテキストを表示します
Bricks/DisplayDescription,"Displays the value of an output channel",出力チャンネルの値を表示します。
Bricks/MathBrickDescription,"Does mathematical operations on one or two inputs","1 つまたは 2 つの入力に対して数学的演算を実行します"
Bricks/Door,Door,ドア
Bricks/MotorDescription,"Drives wheels, propellers and other spinny objects",車輪、プロペラ、その他の回転物体を駆動します
Bricks/ExhaustDescription,"Emits customizable smoke",カスタマイズ可能な煙を放出します
Bricks/Exhaust,Exhaust,排気
Bricks/DetonatorDescription,"Explodes connected fuel tanks when activated, can also be used to detach parts",作動すると接続された燃料タンクが爆発し、パーツの取り外しにも使用可能
Bricks/GunFireMode,"Fire Mode",ファイアモード
Bricks/GunDescription,"Fires bullets",弾丸を発射する
Bricks/LauncherDescription,"Fires missiles",ミサイルを発射する
Bricks/Flamethrower,Flamethrower,火炎放射器
Bricks/Flap,Flap,フラップ
Bricks/Flare,Flares,フレア
Bricks/Float,Float,フロート
Bricks/FloatDescription,"Floats on water",水に浮かびます
Bricks/FuelTank,"Fuel Tank",燃料タンク
Bricks/RotorBladeDescription,"Generates lift in combination with a helicopter engine and rotor",ヘリコプターのエンジンとローターと組み合わせて揚力を発生
Bricks/PropellerDescription,"Generates thrust when spinning quickly, attaches to an axle and requires a motor",高速回転時に推力を発生し、車軸に取り付けられ、モーターが必要です
Bricks/TargetMarkerDescription,"Gives a 360� field of vision and shows the predicted impact points of guns","360 度の視野を提供し、銃の予測着弾点を表示します。"
Bricks/LightDescription,"Glows and emits light",光って発光する
Bricks/Grille,Grille,グリル
Bricks/Gun,Gun,銃
Bricks/Handle,Handle,ハンドル
Bricks/Turbine,"Helicopter Engine",ヘリコプターのエンジン
Bricks/Hemisphere,Hemisphere,半球
Bricks/IdlerWheel,"Idler Wheel",アイドラーホイール
Bricks/ImageBrick,"Image Brick",イメージブリック
Bricks/CompressorDescription,"Increases the power of engines",エンジンの出力を向上させます
Bricks/BladeHolderDescription,"Interface between blades and the large rotor",ブレードと大型ローター間のインターフェース
Bricks/Launcher,Launcher,ランチャー
Bricks/Ledge,Ledge,レッジ
Bricks/Light,"Light Brick",ライトブリック
Bricks/MathBrick,"Math Brick",数学ブロック
Bricks/SensorDescription,"Measures various metrics and outputs them to custom input channels",さまざまなメトリクスを測定し、カスタム入力チャンネルに出力します。
Bricks/Motor,Motor,モーター
Bricks/Mudguard,Mudguard,マッドガード
Bricks/BrickDescription,"No special behavior",特別な動作はありません
Bricks/TrackWheelDescription,"Place multiple idler wheels and a single sprocket wheel. Then select the idler wheels on the sprocket to wrap a track around them","複数のアイドラー ホイールと 1 つのスプロケット ホイールを配置します。次に、スプ​​ロケット上のアイドラー ホイールを選択して、その周りにトラックを巻き付けます。"
Bricks/SwitchDescription,"Players can walk up to switches to press them",プレイヤーはスイッチに近づいて押すことができます
Bricks/SirenDescription,"Plays different horn and siren sounds, what a pesky bee",さまざまなクラクションとサイレンの音を鳴らします。なんて厄介なミツバチでしょう
Bricks/Propeller,Propeller,プロペラ
Bricks/Pump,Pump,ポンプ
Bricks/PumpDescription,"Puts out fires in close proximity when activated",作動すると近くの火災を消し止めます
Bricks/Receiver,"RC Receiver",RC受信機
Bricks/Ramp,Ramp,ランプ
Bricks/Redirector,Redirector,リダイレクタ
Bricks/SeatDescription,"Required for players to sit in",プレイヤーが座るには必須
Bricks/Rod,Rod,ロッド
Bricks/Rotor,Rotor,ローター
Bricks/Scalable,"Scalable Brick",サイズ調整可能なブリック
Bricks/Seat,Seat,シート
Bricks/SemiAutoFireMode,"Semi Automatic",半自動
Bricks/Sensor,Sensor,センサー
Bricks/FlamethrowerDescription,"Shoots a large flame",大きな炎を放つ
Bricks/ImageBrickDescription,"Shows a selectable image",選択可能な画像を表示します
Bricks/Siren,Siren,サイレン
Bricks/SprocketWheel,"Sprocket Wheel",スプロケットホイール
Bricks/SteeringWheel,"Steering Wheel",ハンドル
Bricks/FuelTankDescription,"Stores fuel or other explosive materials",燃料またはその他の爆発性物質を保管する
Bricks/Switch,Switch,スイッチ
Bricks/Tail,Tail,しっぽ
Bricks/TargetMarker,"Target Marker",ターゲットマーカー
Bricks/TextBrick,"Text Brick",テキストブリック
Bricks/Thruster,Thruster,スラスター
Bricks/TrainWheel,"Train Wheel",電車の車輪
Bricks/Truss,Truss,トラス
Bricks/AxleDescription,"Use axles to attach wheels",車軸を使用して車輪を取り付ける
Bricks/Wheel,Wheel,車輪
Bricks/WheelHub,"Wheel Hub",ホイールハブ
Bricks/Winch,Winch,ウインチ
Bricks/Window,Window,ウィンドウ
Bricks/Wing,Wing,翼
Bricks/CameraDescription,"You can look through cameras while in a vehicle",車に乗っている間もカメラを通して見ることができます
Bricks/WinchDescription,"You can pick up and attach the hook to pull something",フックを持ち上げて取り付けて何かを引っ張ることができます
CameraMode/Velocity,Default,デフォルト
CameraMode/Global,Global,グローバル
CameraMode/Local,Local,ローカル
CameraMode/Orbital,Orbital,オービタル
Chat/PlayerUnbannedFormat,"Player {0} has been unbanned from the server.","プレイヤー {0} はサーバーからBANを解除されました"
Chat/PlayerJoinedFormat,"Player {0} joined the server.","プレーヤー {0} がサーバーに参加しました。"
Chat/PlayerLeftFormat,"Player {0} left the server.","プレーヤー {0} がサーバーから離れました。"
Chat/PlayerJoinBannedFormat,"Player {0} tried to join but has an active ban.","プレーヤー {0} は参加しようとしましたが、このサーバーからBANされています。"
Chat/PlayerKickedFormat,"Player {0} was banned from the server.","プレーヤー {0} はサーバーからBANされました。"
Chat/MatchSettingsChangedFormat,"{0} changed the match settings.","{0} が試合設定を変更しました。"
Chat/PlayerDiedFormat,"{0} has died.",{0}が亡くなりました。
Chat/VehicleSpawnFailureFormat,"{Player} failed to spawn vehicle ""{Vehicle}"".","{Player} は車両「{Vehicle}」を生成できませんでした。"
Chat/VehicleSpawnStartFormat,"{Player} is trying to spawn ""{Vehicle}"".","{Player} は「{Vehicle}」をスポーンしようとしています。"
Chat/VehicleSpawnSuccessFormat,"{Player} spawned vehicle ""{Vehicle}"" with {BrickCount} bricks.","{Player} は「{Vehicle}」をスポーンしようとしています。"
Chat/PlayerKilledByFormat,"{Victim} was eliminated by {Killer}.","{Victim} は {Killer} によって排除されました。"
ChatContext/Admin,Admin,管理者
ChatContext/Global,Global,グローバル
ChatContext/Team,Team,チーム
ColorStringTable/Azure,Azure,アズール
ColorStringTable/Black,Black,黒
ColorStringTable/Blue,Blue,青
ColorStringTable/Bronze,Bronze,ブロンズ
ColorStringTable/Chartreuse,Chartreuse,シャルトルーズ
ColorStringTable/Cyan,Cyan,シアン
ColorStringTable/DesertCamo,Desert,砂漠
ColorStringTable/FireCamo,Fire,火
ColorStringTable/ForestCamo,Forest,森
ColorStringTable/Gold,Gold,金
ColorStringTable/Gray,Gray,グレー
ColorStringTable/Green,Green,緑
ColorStringTable/Magenta,Magenta,マゼンタ
ColorStringTable/CamoNavy,Navy,海軍
ColorStringTable/Olive,Olive,オリーブ
ColorStringTable/Orange,Orange,オレンジ
ColorStringTable/Pink,Pink,ピンク
ColorStringTable/Red,Red,赤
ColorStringTable/Silver,Silver,銀
ColorStringTable/SnowCamo,Snow,雪
ColorStringTable/SpringGreen,Spring,春
ColorStringTable/Tan,Tan,タン
ColorStringTable/Violet,Violet,バイオレット
ColorStringTable/White,White,白
ColorStringTable/Yellow,Yellow,黄色
Contexts/SimpleUGCEditor,"SimpleUGCEditor Plugin","SimpleUGCEditor プラグイン"
CouplingMode/Default,Default,デフォルト
CouplingMode/Static,Static,静的
DLSSMode/Auto,Auto,自動
DLSSMode/Balanced,Balanced,バランスの取れた
DLSSMode/DLAA,DLAA,DLAA
DLSSMode/Off,Off,オフ
DLSSMode/Performance,Performance,パフォーマンス
DLSSMode/Quality,Quality,品質
DLSSMode/UltraPerformance,"Ultra Performance",ウルトラパフォーマンス
DLSSMode/UltraQuality,"Ultra Quality",超高品質
DriverSeatProperty/OtherSeat,Other,他の
DriverSeatProperty/RandomSeat,Random,ランダム
DriverSeatProperty/SelectedSeat,Selected,選択済み
Editor/ToggleMoveMode,"Toggle Move Mode",移動モードの切り替え
Editor/Format_SaveOverwriteWarning,"You are about to overwrite ""{0}"", continue?",「{0}」を上書きしようとしています、続けますか?
Editor/Format_UploadOverwriteWarning,"You are about to update ""{0}"", continue?",「{0}」を更新しようとしています、続行しますか?
EditorMirrorMode/None,None,なし
EditorViewMode/Default,Default,デフォルト
EditorViewMode/InputChannels,"Input Channels",入力チャンネル
EditorViewMode/Physics,Physics,物理
EditorViewMode/Wireframe,Wireframe,ワイヤーフレーム
EngineMessage/ChangedNameFormat,"Player ""{0}"" changed name to ""{1}"".",プレーヤー「{0}」は名前を「{1}」に変更しました。
EngineMessage/SpecEnteredFormat,"Player ""{0}"" is now spectating,",プレーヤー「{0}」は現在観戦中です。
EngineMessage/EnteredFormat,"Player ""{0}"" joined the server!",プレーヤー「{0}」がサーバーに参加しました!
EngineMessage/LeftFormat,"Player ""{0}"" left the server!",プレーヤー「{0}」がサーバーから離脱しました。
FireModes/Auto,Auto,自動
FireModes/Burst,Burst,バースト
FireModes/Semi,Semi,セミ
FireModes/Single,Single,シングル
FlashSequence/Inverted,Inverted,反転
FlashSequences/DoubleFlash,"Double Flash",ダブルフラッシュ
FlashSequences/RunningLight,"Running Light",ランニングライト
FlashSequences/437D50C04271681CA4E4C0A83FFE0A8E,"Running Light Inverted",ランニングライト反転
FlashSequences/78AF78F543382B26F51CFF87048838F0,"Running Light Inverted",ランニングライト反転
FSimpleUGCCreator/NewUGCTabHeader,"Create New UGC Package",新しいUGCパッケージを作成する
FSimpleUGCCreator/PluginBrowserDisabled,"Creating a game mod requires the use of the Plugin Browser, but it is currently disabled.","ゲーム MOD を作成するにはプラグイン ブラウザを使用する必要がありますが、現在は無効になっています。"
FSimpleUGCEditorModule/PackageUGCMenu_Label,"Package UGC",パッケージUGC
FSimpleUGCEditorModule/PackageUGC_Label,"Package UGC",パッケージUGC
FSimpleUGCEditorModule/PackageUGCMenu_Tooltip,"Share and distribute UGC","UGC の共有と配布"
FSimpleUGCEditorModule/PackageUGC_Tooltip,"Share and distribute UGC","UGC の共有と配布"
GameMode/Multiplayer,Multiplayer,マルチプレイヤー
GameMode/RoundBased,"Round Based",ラウンドベース
GameMode/Singleplayer,Singleplayer,シングルプレイヤー
HostServerType/Private,"Friends Only",友達のみ
HostServerType/None,No,いいえ
HostServerType/Public,Public,公共
HUDVisibility/Full,Full,最大
HUDVisibility/Minimal,Minimal,最小限
HUDVisibility/Off,Off,オフ
InputAxis/BrakeLight,"Brake Light",ブレーキライト
InputAxis/AlwaysOn,"Constant Value",定数値
InputAxis/None,None,なし
InputAxis/Custom,"Output Channel",出力チャンネル
InputAxis/ReversingLight,"Reversing Light",リバースライト
InputAxis/Taillight,Taillight,テールライト
InputAxis/AltAxisFormat,"{0} (Alt)","{0} (Alt)"
Interaction/Actuate,Actuate,作動する
Interaction/AttachWinch,"Attach Winch",ウインチを取り付ける
Interaction/CloseSilo,Close,閉じる
Interaction/DetachWinch,"Detach Winch",ウィンチを外す
Interaction/TriggerDetonator,Detonate,爆破する
Interaction/DisengageCoupling,Disengage,外す
Interaction/ElevatorDown,Down,下
Interaction/SwitchDown,Down,下
Interaction/EngageCoupling,Engage,付ける
Interaction/Enter,Enter,入る
Interaction/EnterDriverSeat,"Enter As Driver",運転手として入る
Interaction/EnterPassengerSeat,"Enter As Passenger",乗客として入る
Interaction/EnterEditor,"Enter Editor",エディターに入る
Interaction/SwitchOff,Off,オフ
Interaction/OpenOption,Open,開く
Interaction/PickUpFormat,"Pick Up {0}",{0}を取る
Interaction/PickUpBrickFormat,"Pick up {0}",{0}を持つ
Interaction/PossessCharacter,Possess,操作する
Interaction/ScrapVehicle,"Remove Vehicle",車両の削除
Interaction/AccessInventoryFormat,"Search {0}",{0}を検索
Interaction/Spawn,Spawn,スポーン
Interaction/SpawnVehicle,"Spawn Vehicle",スポーン車両
Interaction/SpawnTimerFormat,"Spawn in {0}",{0}でスポーン
Interaction/StartRace,"Start Race",レースを開始する
Interaction/StopElevator,Stop,停止
Interaction/Switch,Switch,スイッチ
Interaction/Teleport,Teleport,テレポート
Interaction/ElevatorUp,Up,上
Interaction/SwitchUp,Up,上
Inventory/Name_Inventory,Inventory,インベントリ
Inventory/LoadoutContainer,Loadout,装備品
Inventory/InventoryQuantityFormat,"Qty: {0}","数量: {0}"
Inventory/Format_Slot,"Slot {0}","スロット {0}"
Inventory/VehicleInventory,Vehicle,車両
ItemNames/Name_AmmoBox,"Ammo Box",弾薬箱
ItemNames/Name_FireExtinguisher,"Fire Extinguisher",消火器
ItemNames/Name_FirstAidKit,"First Aid Kit",応急処置キット
ItemNames/Name_Grenade,Grenade,手榴弾
JoinSessionErrors/FailedToJoinSession,"Failed to join session",セッションに参加できませんでした
JoinSessionErrors/FailedToResolveConnectString,"Failed to resolve session connection info",セッション接続情報を解決できませんでした
KickedError/KickReason,Reason,理由
KickedError/KickTimeRemaining,"Time Remaining",残り時間
KickedError/YouHaveBeenKicked,"You have been kicked from the server",サーバーからキックされました
KickPopup/KickDuration,Duration,間隔
KickPopup/PlayerName,Nickname,ニックネーム
KickPopup/PlayerId,Player,プレーヤー
KickPopup/KickReason,Reason,理由
KickReason/TooManyFailedAdminLogins,"Too many failed admin login attempts",管理者ログイン試行の失敗回数が多すぎます
LightDirection/NoneHint,"Best for performance!",パフォーマンスに最適！
LightDirection/None,Off,オフ
LightDirection/Omnidirectional,Omnidirectional,全方向性
Loading/LoadingLevel,"Loading level",レベルを読み込み中
Loading/StreamingLevels,"Streaming levels",レベルをストリーミング
Loading/WaitingForServer,"Waiting for game info",ゲーム情報を待ってます
Loading/WaitingForPlayerController,"Waiting for player info",プレイヤー情報を待ってます
MatchSettings/bAllowBuildingDamage,"Allow Building Damage",建物の損傷を許可する
MatchSettings/bAllowEnterVehicleWithoutSeat,"Allow Entering Vehicles without Seats",座席のない車両の入場を許可する
MatchSettings/bAllowExplosions,"Allow Explosions",爆発を許可する
MatchSettings/bAllowFreeCam,"Allow Free Camera",フリーカメラを許可する
MatchSettings/bAllowInvincibility,"Allow Invincibility",無敵を許可する
MatchSettings/bAllowRemoveVehicleFromOtherPlayer,"Allow Removing Vehicles from other Players",他のプレイヤーからの車両の撤去を許可する
MatchSettings/bAllowSpawnAnywhere,"Allow Respawn Anywhere",どこでもリスポーンを許可する
MatchSettings/bAllowWeapons,"Allow Weapons",武器を許可する
MatchSettings/SunAngleDesc,"Angle of the sun orbit to the vertical axis, at 0 degrees the sun will pass through the zenith","垂直軸に対する太陽の軌道の角度。0 度で太陽は天頂を通過します。"
MatchSettings/AtmosphereDensity,Atmosphere,大気
MatchSettings/bAutoBalanceTeams,"Auto Balance Teams",チームのバランスを自動調整
MatchSettings/RestartDelayDesc,"Blocks players from respawning/teleporting for a set delay",一定の遅延時間の間、プレイヤーのリスポーン/テレポートをブロックします
MatchSettings/DayLength,"Day Length",日の長さ
MatchSettings/VehicleFilterDesc,"Determines what type of vehicles are allowed to be spawned. Avoid disabling this as it might allow other players to spawn overpowered or exploitative creations",どのタイプの車両を生成できるかを決定します。他のプレイヤーが強力な作品や搾取的な作品を生み出す可能性があるため、これを無効にしないでください。
MatchSettings/VehicleRemovalDelayDesc,"Empty vehicles are despawned automatically after this amount of time. Try to keep this below {0}","この時間が経過すると、空の車両は自動的にデスポーンされます。これを {0} 未満に保つようにしてください"
MatchSettings/VehicleWhitelistDesc,"Exclusive list of vehicles, which are allowed to be spawned",スポーンが許可されている車両のリスト
MatchSettings/bExemptAdminsFromRestrictions,"Exempt Admins from Restrictions",管理者を制限から除外する
MatchSettings/GameMode,"Game Mode",ゲームモード
MatchSettings/DayLengthDesc,"How long a day lasts in game","ゲーム内の 1 日の長さはどれくらいですか"
MatchSettings/bAllowBuildingDamageDesc,"If disabled buildings will not take visual damage or collapse",障害のある建物が視覚的なダメージを受けたり倒壊したりしない場合
MatchSettings/bAllowExplosionsDesc,"If disabled explosions will not occur",無効にすると爆発は発生しません
MatchSettings/bAllowWeaponsDesc,"If disabled players won't be able to fire weapons",無効化された場合、プレイヤーは武器を発砲できなくなります
MatchSettings/bAllowInfiniteAmmo,"Infinite Ammo",無限の弾薬
MatchSettings/bAllowInfiniteFuel,"Infinite Fuel",無限の燃料
MatchSettings/Level,Level,レベル
MatchSettings/MatchSettings,Match,マッチ
MatchSettings/MaxBricksPerVehicle,"Maximum Bricks per Vehicle",車両あたりの最大Brick数
MatchSettings/MaxDummies,"Maximum Dummies",ダミーの最大数
MatchSettings/MaxVehicleMass,"Maximum Vehicle Mass",最大車両重量
MatchSettings/MaxVehicleSize,"Maximum Vehicle Size",車両の最大サイズ
MatchSettings/MaxVehiclesPerPlayer,"Maximum Vehicles per Player",プレイヤーあたりの最大車両数
MatchSettings/MaxVehicleMassDesc,"Maximum mass of a vehicle. Try to keep this below {0}","車両の最大質量。これを {0} 未満に保つようにしてください"
MatchSettings/MaxBricksPerVehicleDesc,"Maximum number of bricks a vehicle may be spawned with. Try to keep this below {0}","車両が生成できるBrickの最大数。これを {0} 未満に保つようにしてください"
MatchSettings/MaxDummiesDesc,"Maximum number of dummies allowed to be spawned at once",一度にスポーンできるダミーの最大数
MatchSettings/MaxVehiclesPerPlayerDesc,"Maximum number of vehicles a player is allowed to have spawned at once. Try to keep this below {0}","プレイヤーが一度にスポーンできる車両の最大数。これを {0} 未満に保つようにしてください"
MatchSettings/MaxVehicleSizeDesc,"Maximum size of a vehicle in any direction. Try to keep this below {0}","車両のあらゆる方向の最大サイズ。これを {0} 未満に保つようにしてください"
MatchSettings/VehiclePriceFactorDesc,"Multiplies vehicle prices to make them more affordable or expensive",車両価格を掛け算して、より手頃な価格または高価な価格にする
MatchSettings/NumPlayerSlotsDesc,"Number of players allowed to join the server. Too many players can cause high latency and low frame rates","サーバーへの参加を許可されるプレイヤーの数。プレーヤーが多すぎると、遅延が長くなり、フレーム レートが低下する可能性があります"
MatchSettings/NumPlayerSlots,"Player Slots",プレイヤースロット
MatchSettings/RestartDelay,"Respawn Delay",リスポーン遅延
MatchSettings/SunYawDesc,"Rotates the path of the sun relative to the world",世界に対して太陽の軌道を回転させます
MatchSettings/RoundDuration,"Round Duration",ラウンド時間
MatchSettings/SandboxSettingsCategory,Sandbox,サンドボックス
MatchSettings/ServerDescription,"Server Description",サーバーの説明
MatchSettings/ServerName,"Server Name",サーバー名
MatchSettings/bFadeInMatchSettings,"Smooth Transition",スムーズな移行
MatchSettings/EnableAITrains,"Spawn AI Train","AI トレインをスポーンする"
MatchSettings/SunYaw,"Sun Direction",太陽の方向
MatchSettings/SunAngle,"Sun Elevation",太陽の高度
MatchSettings/TimeOfDay,"Time of Day",時刻
MatchSettings/VehicleRemovalDelay,"Vehicle Auto Removal Delay",車両の自動撤去の遅延
MatchSettings/VehicleFilter,"Vehicle Filter",車両フィルター
MatchSettings/VehiclePriceFactor,"Vehicle Price",車両価格
MatchSettings/VehicleWhitelist,"Vehicle Whitelist",車両のホワイトリスト
MatchSettings/VehicleRestrictionsCategory,Vehicles,乗り物
MatchSettings/Weather,Weather,天気
MatchSettings/bExemptAdminsFromRestrictionsDesc,"Whether admins should be allowed to ignore most rules",管理者がほとんどのルールを無視できるようにするかどうか
MatchSettings/bAllowFreeCamDesc,"Whether players are allowed to enter free cam",プレーヤーがフリーカムに入ることができるかどうか
MatchSettings/bAllowEnterVehicleWithoutSeatVehicles,"Whether players are allowed to enter vehicles without any seats",プレイヤーが座席のない車両に乗車できるかどうか
MatchSettings/bAllowRemoveVehicleFromOtherPlayerPlayers,"Whether players are allowed to remove and/or enter the editor with vehicles they haven't spawned themselves",プレイヤーが自分で生成していない車両を削除したり、エディターに入ることができるかどうか
MatchSettings/bAllowSpawnAnywhereDesc,"Whether players are allowed to respawn/teleport anywhere in the world",プレイヤーが世界中のどこにでもリスポーン/テレポートできるかどうか
MatchSettings/bAllowInfiniteAmmoDesc,"Whether vehicles and handguns should have infinite ammo",車両と拳銃の弾薬は無限であるべきかどうか
MatchSettings/bAllowInfiniteFuelDesc,"Whether vehicles should have unlimited fuel",車両に無制限の燃料を搭載すべきかどうか
MatchState/WaitingToStart,"Get ready...",準備をしましょう...
MatchState/Intermission,Intermission,休憩
MatchState/MatchTied,"Match tied",試合は引き分け
MatchState/InProgress,"Round started!",ラウンド開始！
"MatchState/Round tied","Round tied",ラウンドタイ
MatchState/WaitingForPlayers,"Waiting for players",プレイヤーを待っています
MatchState/Waiting,Waiting...,待っている...
MatchState/Warmup,"Warm up",準備し始める
MatchState/MatchWinnerFormat,"{0} won the match!","{0} が試合に勝ちました!"
MatchState/RoundWinnerFormat,"{0} won the round!","{0} がラウンドに勝ちました!"
MatchVehicleFilter/None,Disabled,無効
MatchVehicleFilter/WhitelistDesc,"Only vehicles from your defined whitelist may be spawned",定義されたホワイトリストにある車両のみが生成される可能性があります
MatchVehicleFilter/PublicOnlineDesc,"Only vehicles, which have been uploaded to the Workshop and set to public, are allowed to be spawned",ワークショップにアップロードされ公開設定されている車両のみがスポーンできます。
MatchVehicleFilter/PublicOnline,"Public Workshop Only",公開ワークショップのみ
MatchVehicleFilter/Whitelist,"Whitelist Only",ホワイトリストのみ
MathOperations/Abs,Abs,絶対値
MathOperations/Acos,Acos,Acos
MathOperations/Add,Add,足し算
MathOperations/Asin,Asin,Asin
MathOperations/Atan,Atan,Atan
MathOperations/Ceil,Ceil,切り上げ
MathOperations/Cos,Cos,Cos
MathOperations/Degrees,Deg,度
MathOperations/Divide,Divide,割り算
MathOperations/Floor,Floor,切り捨て
MathOperations/Greater,Greater,"大なり (上 > 下)"
MathOperations/Less,Less,"小なり (上 < 下)"
MathOperations/Max,Max,大きい
MathOperations/Min,Min,小さい
MathOperations/Fmod,Modulo,あまり
MathOperations/Multiply,Multiply,掛け算
MathOperations/Power,Power,べき乗
MathOperations/Radians,Rad,ラジアン
MathOperations/Round,Round,四捨五入
MathOperations/Sign,Sign,符号
MathOperations/Sin,Sin,Sin
MathOperations/Sqrt,"Square Root",平方根
MathOperations/Subtract,Subtract,引き算
MathOperations/Tan,Tan,Tan
MeasurementSystem/Imperial,Imperial,ヤードポンド法
MeasurementSystem/Metric,Metric,メートル法
Misc/ExplosiveArmed,Armed,武器がアクティブ
Misc/DefaultSource,Auto,自動
Misc/CopiedFile,Copy,コピー
Misc/MaterialDensity,Density,密度
Misc/VolumeIncrease,Explosivity,爆発性
Misc/FailedToSpawnVehicleFormat,"Failed to spawn your vehicle: {0}","車両を生成できませんでした: {0}"
Misc/MaterialFriction,Friction,摩擦
Misc/HoldKey,Hold,長押し
Misc/ImpactResistance,"Impact Resistance",耐衝撃性
Misc/NoDescription,"No description",説明なし
Misc/NoObject,None,なし
Misc/None,None,なし
Misc/NothingSelected,"Nothing Selected",何も選択されていません
Misc/AdminLoginFailedFormat,"Password incorrect, {Num} {Num}|plural(one=attempt,other=attempts) remaining","パスワードが正しくありません。残りは {Num} {Num}|plural(one=回,other=回) です"
Misc/MaterialPriceFactor,Price,価格
Misc/FuelPrice,"Price per Liter",1リットルあたりの価格
Misc/MaterialRestitution,Restitution,弾力性
Misc/MaterialStrength,Strength,強さ
Misc/SupportedCharacters,"Supported Characters",サポートされている文字
Misc/TapKey,Tap,タップ
Misc/MatchAbortedMessage,"The host has aborted the match",ホストが試合を中止しました
Misc/Name_Unknown,Unknown,未知
Misc/Unlimited,Unlimited,無制限
Misc/Unnamed,Unnamed,無名
Misc/AutoSavedFile,"Unsaved Creation",未保存の作品
Network/JoinSessionIncompatibleBuild,"The server is running on a different version of the game, please update or ask the host to update.",サーバーは別のバージョンのゲームで実行されています。更新するか、ホストに更新を依頼してください。
NetworkErrors/VersionMismatch,"Client and server version mismatch",クライアントとサーバーのバージョンが一致しない
NetworkErrors/ConnectionLost,"Connection lost",接続が失われました
NetworkErrors/ConnectionTimeout,"Connection timed out",接続がタイムアウトしました
NetworkErrors/ConnectionTimeoutFormat,"Connection timed out after {0}. There is either a problem with the host or your connection to the host.","{0} の後に接続がタイムアウトしました。ホストまたはホストへの接続に問題があります。"
NetworkErrors/GenericFailure,"Network failure",ネットワーク障害
Online/SteamLoginFailed,"Steam Login Failed","Steam ログインに失敗しました"
Online/SteamLoginFailedMessage,"You will not be able to use online features like multiplayer or the Workshop. Please exit the game and restart it through Steam.","マルチプレイヤーやワークショップなどのオンライン機能は使用できなくなります。ゲームを終了し、Steam から再起動してください。"
PlayerSpawnResult/Failure,"Cannot spawn vehicle",車両をスポーンできません
PlayerSpawnResult/CorruptFile,"File is corrupt",ファイルが壊れています
PlayerSpawnResult/OnlyAdminsCanSpawn,"Only admins are allowed to spawn vehicles",管理者のみが車両をスポーンできます
PlayerSpawnResult/VehicleNotPublicOnline,"Only public Workshop creations can be spawned",公開ワークショップの作成のみを生成できます
PlayerSpawnResult/VehicleNotWhitelisted,"Only whitelisted creations can be spawned",ホワイトリストに登録された作成のみを生成できます
PlayerSpawnResult/NoObjects,"Vehicle does not have any bricks",ホワイトリストに登録された作成のみを生成できます
PlayerSpawnResult/BrickLimitExceeded,"Vehicle has too many bricks",車両のBrickが多すぎます
PlayerSpawnResult/SizeExceeded,"Vehicle is too big",車両が大きすぎる
PlayerSpawnResult/MassExceeded,"Vehicle is too heavy",車両が重すぎる
PlayerSpawnResult/Cooldown,"You are on a respawn cooldown",リスポーンのクールダウン中です
PlayerSpawnResult/VehicleLimitExceeded,"You cannot spawn more vehicles",これ以上車両を生成することはできません
PlayerSpawnResult/InsufficientFunds,"You don't have enough money",お金が足りない
ProximitySensorMask/All,All,全て
ProximitySensorMask/Vehicles,"All Vehicles",すべての車両
ProximitySensorMask/OtherVehicles,"Other Vehicles",その他の車両
"ProximitySensorMask/Pawn,",Players,プレイヤー
ProximitySensorMask/Static,"Static Objects",静的オブジェクト
ProximitySensorMask/Water,Water,水
QualityLevels/Custom,Custom,カスタム
QualityLevels/Epic,Epic,すごい
QualityLevels/High,High,高い
QualityLevels/Low,Low,低い
QualityLevels/Medium,Medium,中くらい
SearchSessionType/Server,"Dedicated Servers",専用サーバー
SearchSessionType/Lobby,"Player Lobbies",プレイヤーのロビー
SensorType/Acceleration,Acceleration,加速度
SensorType/Altitude,Altitude,高度
SensorType/AngularSpeed,"Angular Speed",角速度
SensorType/Distance,Distance,距離
SensorType/SeekingProjectileDistance,"Distance of Heat Seeker",ヒートシーカーの距離
SensorType/DistanceToGround,"Distance to Ground",地面までの距離
SensorType/NormalAcceleration,"Normal Acceleration",通常の加速
SensorType/NormalAngularSpeed,"Normal Angular Speed",通常の角速度
SensorType/NormalSpeed,"Normal Speed",通常速度
SensorType/NumSeekingProjectiles,"Number of Heat Seekers",ヒートシーカーの数
SensorType/Pitch,Pitch,ピッチ
SensorType/Proximity,Proximity,近接性
SensorType/Roll,Roll,ロール
SensorType/Speed,Speed,スピード
SensorType/Time,Time,時間
SensorType/Yaw,Yaw,ヨー
Settings/bAllowDifferentMods,"Allow Different Mods",導入されているModが合わなくても許可する
Settings/EditorGridSnappingAngleDesc,"Angle to which bricks snap when rotated",導入されているModが合わなくても許可する
Settings/AAQuality,"Anti Aliasing",アンチエイリアシング
Settings/AntiAliasingMethod,"Anti Aliasing Method",アンチエイリアス方式
Settings/ApplyMatchSettings,"Apply Settings to current Match",現在のマッチに設定を適用する
Settings/AutoCounterSteering,"Automatic Counter Steering",自動カウンターステア
Settings/InputCategory,Category,カテゴリ
Settings/EditorBrickSnappingAngle,"Connector Snapping Angle",コネクタのスナップ角度
Settings/EditorBrickSnappingDistance,"Connector Snapping Distance",コネクタのスナップ距離
Settings/bEnableDepthOfField,"Depth of Field",被写界深度
Settings/EditorSettingsCategory,"Editor Settings",エディターの設定
Settings/EditorUIScale,"Editor UI Scale","エディターの UI スケール"
Settings/EffectsQuality,Effects,エフェクト
Settings/AntiAliasingMethodDesc,"FXAA is recommended for the best experience, TAA looks good on screenshots but causes ghosting and blurryness","最高のエクスペリエンスを得るには FXAA をお勧めします。TAA はスクリーンショットではきれいに見えますが、ゴーストやぼやけが発生します。"
Settings/FieldOfView,"Field of View",視野角
Settings/InputMappingFilter,Filter,フィルター
Settings/FoliageQuality,Foliage,地面の小物のバラけ具合
Settings/FrameRateLimit,"Frame Rate Limit (FPS)","フレームレート制限 (FPS)"
Settings/GamepadSensitivity,"Gamepad Sensitivity",ゲームパッドの感度
Settings/EditorGridSnappingAngle,"Grid Snapping Angle",グリッドスナップ角度
Settings/EditorGridSnappingDistance,"Grid Snapping Distance",グリッドのスナップ距離
Settings/EditorGridSnappingDistanceDesc,"Grid size to which bricks snap when moved",移動時にBrickがスナップされるグリッドのサイズ
Settings/HUDVisibility,"HUD Visibility","HUD の可視性"
Settings/AutoCounterSteeringDesc,"Helps you to keep cars under control, may cause issues with some creations",車を制御するのに役立ちますが、一部の作品では問題が発生する可能性があります
Settings/HostCategory,Host,ホスト
Settings/ServerPasswordDesc,"If not empty players will have to enter this password when joining your server",空でない場合、プレイヤーはサーバーに参加するときにこのパスワードを入力する必要があります
Settings/InvertViewPitch,"Invert View Pitch",ビューピッチを反転
Settings/InvertViewPitchDesc,"Inverts the vertical view direction",垂直ビュー方向を反転します
Settings/Language,Language,言語
Settings/MasterVolume,"Master Volume",マスターボリューム
Settings/MatchSettingsCategory,Match,マッチ
Settings/EditorBrickSnappingAngleDesc,"Maximum angle between two connectors to snap together","2 つのコネクタ間のスナップ接続の最大角度"
Settings/EditorBrickSnappingDistanceDesc,"Maximum distance between two connectors to snap together","スナップ接続する 2 つのコネクタ間の最大距離"
Settings/MeasurementSystem,"Measurement System",測定システム
Settings/EditorMirrorMode,"Mirror Mode",ミラーモード
Settings/MotionBlurScale,"Motion Blur",モーションブラー
Settings/EditorMouseMoveSensitivity,"Mouse Move Sensitivity",マウス移動の感度
Settings/MouseSensitivity,"Mouse Sensitivity",マウスの感度
Settings/EditorMoveSettingsCategory,"Move Settings",設定の移動
Settings/HostServerType,Multiplayer,マルチプレイヤー
Settings/MusicVolume,"Music Volume",音楽の音量
Settings/DLSSMode,"NVIDIA DLSS","NVIDIA DLSS"
Settings/DLSSDesc,"NVIDIA DLSS uses AI Super Resolution to provide the highest possible frame rates at maximum graphics settings. DLSS requires an NVIDIA RTX graphics card","NVIDIA DLSS は AI 超解像度を使用して、最大のグラフィックス設定で可能な限り最高のフレーム レートを提供します。 DLSS には NVIDIA RTX グラフィックス カードが必要です"
Settings/PostProcessingQuality,"Post Processing",ポストプロセス
Settings/OverallScalabilityQuality,Preset,プリセット
Settings/ScalabilityCategory,Quality,品質
Settings/bEnableRayTracing,"Ray Tracing","レイ トレーシング"
Settings/RenderingFeaturesCategory,Rendering,レンダリング
Settings/ScreenResolution,Resolution,解決
Settings/ResolutionScale,"Resolution Scale",解像度スケール
Settings/SearchText,Search,検索
Settings/ServerPassword,"Server Password",サーバーのパスワード
Settings/ShadowQuality,Shadows,影
Settings/FadeMatchSettings,"Slow Time and Weather Transition",時間と天気のゆっくりとした変化
Settings/bEditorSnappingEnabled,Snapping,スナップ
Settings/VSyncEnabledDesc,"Synchronizes the frame rate with your display to prevent screen tearing",フレームレートをディスプレイと同期させて画面のティアリングを防ぎます
Settings/TextureQuality,Textures,テクスチャ
Settings/UIStyle,Theme,テーマ
Settings/ToggleAim,"Toggle Aim",照準の切り替え
Settings/ToggleCrouch,"Toggle Crouch",しゃがみの切り替え
Settings/ToggleSprint,"Toggle Sprint",スプリントの切り替え
Settings/TransmissionMode,Transmission,トランスミッション
Settings/ApplicationScale,"UI Scaling",UIのスケーリング
Settings/VSyncEnabled,V-Sync,垂直同期
Settings/VehicleCameraMode,"Vehicle Camera",車載カメラ
Settings/ViewDistanceQuality,"View Distance",表示距離
Settings/EditorViewMode,"View Mode",ビューモード
Settings/ApplyMatchSettingsDesc,"Whether changes you make should take effect immediatelly",加えた変更をすぐに有効にするかどうか
Settings/bAllowDifferentModsDesc,"Whether players are allowed to join your server with different mods installed","プレイヤーがさまざまな MOD をインストールしたサーバーに参加できるかどうか"
Settings/FadeMatchSettingsDesc,"Whether time and weather settings should transition smoothly",時間と天気の設定をスムーズに移行するかどうか
Settings/WindowMode,"Window Mode",ウィンドウモード
Settings/bWorldSpace,"World Space",ワールド座標系
Settings/HUDVisibilityDesc,"You can hide the HUD partially or fully if you want more immersion or to capture videos","より没入感を高めたい場合やビデオをキャプチャしたい場合は、HUD を部分的または完全に非表示にすることができます。"
SimpleUGCPackager/SimpleUGCEditor_PackagePluginTaskName,"Packaging {0}","梱包 {0}"
SimpleUGCPackager/PackageUGC,Share...,共有...
SimpleUGCPackager/PackageUGCError_UnsavedContent,"You must save all assets in {0} before you can share it.","共有する前に、すべてのアセットを {0} に保存する必要があります。"
SimpleUGCPluginWizard/CreateNewUGCPanel,"Give your new UGC package a name and Click 'Create Mod' to make a new content only UGC package.","新しい UGC パッケージに名前を付け、「Create Mod」をクリックして新しいコンテンツのみの UGC パッケージを作成します。"
SortMethod/ByDate,Date,日付
SortMethod/ByDateAsc,"Date Ascending",日付の昇順
SortMethod/ByGameMode,"Game Mode",ゲームモード
SortMethod/ByMap,Map,地図
SortMethod/ByName,Name,名前
SortMethod/ByNameAsc,"Name Ascending",名前の昇順
SortMethod/ByCreationOrderDesc,Newest,最新
SortMethod/ByCreationOrderAsc,Oldest,最古の
SortMethod/ByPing,Ping,Ping
SortMethod/ByPlayers,Players,プレイヤー
SortMethod/ByPlayersAsc,"Players Ascending",プレイヤーの昇順
SortMethod/ByTrending,Popular,人気のある
SortMethod/BySubscriptionDateDesc,"Recently Subscribed",最近サブスクライブした
SortMethod/ByLastUpdatedDesc,"Recently Updated",最近更新された
SortMethod/SearchRelevancy,"Search Relevancy",関連性の検索
SortMethod/ByTimeRemaining,"Time Remaining",残り時間
SortMethod/ByTimeRemainingAsc,"Time Remaining Ascending",残り時間の増加
SortMethod/ByTotalPlaytime,"Total Playtime",総プレイ時間
SortMethod/ByTotalUniqueSubscriptions,"Total Subscriptions",合計サブスクライブ数
Time/Infinite,Infinite,無限
TransmissionMode/Automatic,Automatic,オートマ
TransmissionMode/Manual,Manual,マニュアル
TravelErrors/GenericFailure,"Travel failure",トラベルの失敗
UGCBrowser/Format_DeleteItemWarning,"You are about to permanently delete ""{0}"", continue?",「{0}」を完全に削除しようとしています。続行しますか?
UGCDepartmentTag/Civil,Civil,民間
UGCDepartmentTag/FireDepartment,"Fire Department",消防
UGCDepartmentTag/Military,Military,軍隊
UGCDepartmentTag/None,Other,その他
UGCDepartmentTag/Police,Police,警察
UGCEraTag/1800s,1800s,1800年代
UGCEraTag/1900s,1900s,1900年代
UGCEraTag/2000s,2000s,2000年代
UGCEraTag/Ancient,Ancient,古代
UGCEraTag/Futuristic,Futuristic,未来的な
UGCEraTag/None,Other,その他
UGCEraTag/WW1,WW1,第一次世界大戦
UGCEraTag/WW2,WW2,第二次世界大戦
UGCQueryType/Local,Local,ローカル
UGCQueryType/RecentlyUsed,"Played With",使用済み
UGCQueryType/Published,Published,投稿済み
UGCQueryType/Selection,Selection,選択
UGCQueryType/Subscribed,Subscriptions,サブスクライブ
UGCQueryType/Whitelist,Whitelist,ホワイトリスト
UGCQueryType/Workshop,Workshop,ワークショップ
UGCTags/All,All,全て
UGCTags/Department,Department,部門
UGCTags/Era,Era,時代
UGCTags/Type,Type,タイプ
UGCTaskResults/AccessDenied,"Access denied",アクセスが拒否されました
UGCTaskResults/DuplicateName,"An item with the same name already exists",同じ名前のアイテムがすでに存在します
UGCTaskResults/LockingFailed,"Failed to acquire UGC lock",UGCロックの取得に失敗しました
UGCTaskResults/FileNotFound,"File not found",ファイルが見つかりません
UGCTaskResults/InvalidParam,"Invalid parameter",無効なパラメータ
UGCTaskResults/DuplicateRequest,"The file has already been uploaded",ファイルはすでにアップロードされています
UGCTaskResults/Timeout,"The operation took too long",操作に時間がかかりすぎました
UGCTaskResults/LimitExceeded,"The preview file is too large or your cloud storage is full","プレビュー ファイルが大きすぎるか、クラウド ストレージがいっぱいです"
UGCTaskResults/ServiceUnavailable,"The server is currently unreachable",現在サーバーにアクセスできません
UGCTaskResults/GenericFailure,"Unknown error",不明なエラー
UGCTaskResults/Banned,"You are currently banned from uploading",現在アップロードが禁止されています
UGCTaskResults/ServiceReadOnly,"You are currently not allowed to edit files",現在ファイルを編集することはできません
UGCTaskResults/NotLoggedOn,"You are not logged in",ログインしていません
UGCTasks/Success,Completed,完了しました
UGCTasks/Download,Downloading,ダウンロード中
UGCTasks/Failure,Failed,失敗した
UGCTasks/Upload,Uploading,アップロード中
UGCTypeTag/Building,Building,建物
UGCTypeTag/Bus,Bus,バス
UGCTypeTag/Car,Car,車
UGCTypeTag/HeavyMachinery,"Heavy Machinery",重機
UGCTypeTag/Helicopter,Helicopter,ヘリコプター
UGCTypeTag/Motorcycle,Motorcycle,バイク
UGCTypeTag/None,Other,その他
UGCTypeTag/Plane,Plane,飛行機
UGCTypeTag/Prop,Prop,小道具
UGCTypeTag/RaceCar,"Race Car",レースカー
UGCTypeTag/Ship,Ship,船
UGCTypeTag/SpaceCraft,"Space Craft",宇宙船
UGCTypeTag/Tank,Tank,戦車
UGCTypeTag/Trailer,Trailer,トレーラー
UGCTypeTag/Train,Train,電車
UGCTypeTag/Truck,Truck,トラック
UGCVisibility/FriendsOnly,"Friends Only",フレンド限定
UGCVisibility/Private,Private,非公開
UGCVisibility/Public,Public,公開
UGCVisibility/Unlisted,Unlisted,限定公開
UI/SpawnedByFormat,"Spawned by: {0}","生成者: {0}"
UI/NumResultsFormat,"{0} {1}|plural(one=Result,other=Results)","{0} {1}|plural(one=件の結果,other=件の結果)"
UICommands.FSimpleUGCEditorModule/CreateUGCAction,"Create UGC",UGCの作成
UICommands.FSimpleUGCEditorModule/CreateUGCAction_ToolTip,"Create a new UGC package in a mod plugin","MOD プラグインで新しい UGC パッケージを作成する"
UICommands.FSimpleUGCEditorModule/PackageUGCAction,"Package UGC",パッケージUGC
UICommands.FSimpleUGCEditorModule/PackageUGCAction_ToolTip,"Share and distribute your UGC","UGC を共有して配布する"
UIStringTable/InputAction_InventorySlotHold,"Action {0}","アクション {0}"
UIStringTable/Action_Apply,Apply,適用する
UIStringTable/Field_Author,Author,著者
UIStringTable/Action_Back,Back,戻る
UIStringTable/Direction_Backward,Backward,後方へ
UIStringTable/Action_KickPlayer,"Ban Player",プレイヤーをBAN
UIStringTable/Name_CameraMode,Camera,カメラ
UIStringTable/InputAction_CameraMode,"Camera Mode",カメラモード
UIStringTable/Action_Cancel,Cancel,キャンセル
UIStringTable/Action_Clear,Clear,クリア
UIStringTable/Action_ClearSelection,"Clear All",すべてクリア
UIStringTable/Action_Confirm,Confirm,確認する
UIStringTable/Action_Continue,Continue,続ける
UIStringTable/Name_Author,"Created by",作成者
UIStringTable/Action_Delete,Delete,消去
UIStringTable/Field_Description,Description,説明
UIStringTable/Action_DiscardChanges,"Discard Changes",変更の破棄
UIStringTable/Direction_Down,Down,下
UIStringTable/SpeedIncrease_Down,Down,下
UIStringTable/Action_Duplicate,Duplicate,重複
UIStringTable/Action_Edit,Edit,編集
UIStringTable/Action_EditMetaData,"Edit Information",情報の編集
UIStringTable/Menu_EditorSettings,Editor,エディター
UIStringTable/Action_EnterEditor,"Enter Editor",エディターに入る
UIStringTable/Hint_EnterPassword,"Enter password",パスワードを入力してください
UIStringTable/Name_Error,Error,エラー
UIStringTable/Action_Exit,Exit,出口
UIStringTable/Result_Failure,Failure,失敗
UIStringTable/Action_Favorite,Favorite,お気に入り
UIStringTable/InputAction_FireAction,"Fire Action {0}","ファイアアクション {0}"
UIStringTable/Format_CapturePointName,"Flag {0}","フラグ {0}"
UIStringTable/Format_FlagName,"Flag {0}","フラグ {0}"
UIStringTable/Direction_Forward,Forward,フォワード
UIStringTable/Menu_Gameplay,Gameplay,ゲームプレイ
UIStringTable/Name_Garage,Garage,ガレージ
UIStringTable/ChatContext_Global,Global,グローバル
UIStringTable/InputAction_HUDVisibility,"HUD Visibility","HUD の可視性"
UIStringTable/Action_HostOnlineGame,"Host Online Game",オンラインゲームをホストする
UIStringTable/Action_Import,Import,インポート
UIStringTable/ZoomDirection_In,In,で
UIStringTable/Menu_Credits,Info,情報
UIStringTable/Menu_InputMappings,"Input Mappings",入力マッピング
UIStringTable/Menu_Input,"Input Settings",入力設定
UIStringTable/InputAction_Interact,Interact,交流する
UIStringTable/Action_JoinServer,Join,参加する
UIStringTable/Menu_JoinGame,"Join Game",ゲームに参加する
UIStringTable/Action_JoinTeam,"Join Team",チームに参加する
UIStringTable/Direction_Left,Left,左
UIStringTable/Action_VoteUp,Like,好き
UIStringTable/Field_Upvotes,Likes,いいね！
UIStringTable/Name_NumUpvotes,Likes,いいね！
UIStringTable/Name_LoadoutContainer,Loadout,装備品
UIStringTable/ChatContext_Local,Local,ローカル
UIStringTable/Menu_Admin,"Manage Bans",BANの管理
UIStringTable/Menu_Match,Match,マッチ
UIStringTable/Field_Name,Name,名前
UIStringTable/Action_CreateNewItem,New,新しい
UIStringTable/Order_Next,Next,次
UIStringTable/Status_No,No,いいえ
UIStringTable/Status_Off,Off,オフ
UIStringTable/Status_Offline,Offline,オフライン
UIStringTable/Status_On,On,オン
UIStringTable/Status_Online,Online,オンライン
UIStringTable/Menu_Options,Options,オプション
UIStringTable/ZoomDirection_Out,Out,アウト
UIStringTable/Action_PlaceMarker,"Place Marker",マーカーを配置します
UIStringTable/Action_HostGame,Play,遊ぶ
UIStringTable/Order_Previous,Previous,前の
UIStringTable/Name_RandomSpawnArea,"Random Spawn",ランダムスポーン
UIStringTable/Action_Refresh,Refresh,リフレッシュ
UIStringTable/Action_Retry,Retry,リトライ
UIStringTable/Action_Revert,Revert,元に戻す
UIStringTable/Action_RevokeKick,"Revoke Ban",BANを取り消し
UIStringTable/Direction_Right,Right,右
UIStringTable/Action_Save,Save,保存
UIStringTable/Action_SaveAs,"Save As",名前を付けて保存
UIStringTable/Action_Select,Select,選択
UIStringTable/Action_ShowPlayerProfile,"Show Profile",プロフィールを表示
UIStringTable/InputAction_InventorySlot,"Slot {0}","スロット {0}"
UIStringTable/Action_Spawn,Spawn,スポーン
UIStringTable/Format_SpawnTimer,"Spawn in {0}",{0}でスポーン
UIStringTable/Menu_HostGame,"Start Game",ゲームを開始する
UIStringTable/Action_Subscribe,Subscribe,サブスクライブ
UIStringTable/Result_Success,Success,成功
UIStringTable/ChatContext_Team,Team,チーム
UIStringTable/Menu_Players,"Teams and Players",チームと選手
UIStringTable/Hint_EnterText,"Type something",何かを入力してください
UIStringTable/Action_Unfavorite,Unfavorite,気に入らない
UIStringTable/Name_Unknown,Unknown,不明
UIStringTable/Action_Unselect,Unselect,選択を解除
UIStringTable/Action_Unsubscribe,Unsubscribe,サブスクを解除
UIStringTable/Direction_Up,Up,上
UIStringTable/SpeedIncrease_Up,Up,上
UIStringTable/Action_Update,Update,アップデート
UIStringTable/Action_UpdateItem,"Update Creation",制作物の更新
UIStringTable/Action_UploadItem,"Upload New",新規アップロード
UIStringTable/Menu_UserInterface,"User Interface",ユーザーインターフェース
UIStringTable/Menu_Video,Video,ビデオ
UIStringTable/Action_ViewInBrowser,"View in Browser",ブラウザーで見る
UIStringTable/Status_WaitingForHost,"Waiting for host",ホストを待っています
UIStringTable/Status_Yes,Yes,はい
UIStringTable/Format_TeamBaseName,"{0} Base","{0} ベース"
Units/Bricks,"{0} Bricks","{0} Bricks"
Units/VolumeMetric,{0}L,{0}L
Units/RPM,{0}RPM,{0}RPM
Units/Days,{0}d,{0}日
Units/DistanceImperial,{0}ft,{0}ft
Units/VolumeImperial,{0}gal,{0}gal
Units/Hours,{0}h,{0}時間
Units/MassMetric,{0}kg,{0}kg
Units/SpeedMetric,{0}kph,{0}km/h
Units/MassImperial,{0}lb,{0}lb
Units/DistanceMetric,{0}m,{0}m
Units/Minutes,{0}m,{0}分
Units/SpeedImperial,{0}mph,{0}mph
Units/Seconds,{0}s,"{0} 秒"
VehicleCamera/FirstPersonCamera,"First Person",一人称
VehicleCamera/ThirdPersonCamera,"Third Person",三人称
VehicleSpawnInvincibility/Invincible,Invincible,無敵
VehicleSpawnInvincibility/None,Normal,通常
VehicleSpawnInvincibility/Pinned,Pinned,固定
WindowMode/WindowedFullscreen,Borderless,ボーダーレス
WindowMode/Fullscreen,Fullscreen,フルスクリーン
WindowMode/Windowed,Windowed,ウィンドウ表示
